cmpgn_name,control_yn,redeemer_yn,user_id,gender,age,CK_DATE,BUY_QTY,GMB
2010_AutoParts_Coupon,t,n,41,10,44,2010/7/13,1,0.01
2010_AutoParts_Coupon,t,n,40,10,54,2010/7/13,1,0.99
2010_AutoParts_Coupon,t,n,39,0,56,2010/7/13,1,0.99
2010_AutoParts_Coupon,t,n,38,10,32,2010/7/13,1,2
2010_AutoParts_Coupon,t,n,37,10,64,2010/7/13,1,2.25
2010_AutoParts_Coupon,t,n,36,10,24,2010/7/13,1,3.75
2010_AutoParts_Coupon,t,n,35,0,80,2010/7/13,1,3.99
2010_AutoParts_Coupon,t,n,34,0,54,2010/7/13,1,4.99
2010_AutoParts_Coupon,t,n,33,10,62,2010/7/13,1,5.01
2010_AutoParts_Coupon,t,n,32,10,54,2010/7/13,1,5.49
2010_AutoParts_Coupon,t,n,30,10,40,2010/7/13,1,5.99
2010_AutoParts_Coupon,t,n,31,10,62,2010/7/13,1,5.99
2010_AutoParts_Coupon,t,n,29,10,80,2010/7/13,1,6.95
2010_AutoParts_Coupon,t,n,28,10,48,2010/7/13,1,7
2010_AutoParts_Coupon,t,n,27,10,62,2010/7/13,7,8.15
2010_AutoParts_Coupon,t,n,26,10,35,2010/7/13,1,8.37
2010_AutoParts_Coupon,t,n,25,10,46,2010/7/13,1,9.95
2010_AutoParts_Coupon,t,n,24,10,56,2010/7/13,1,10.16
2010_AutoParts_Coupon,c,n,1251,10,66,2010/7/13,1,11.36
2010_AutoParts_Coupon,t,n,23,10,40,2010/7/13,1,12.97
2010_AutoParts_Coupon,c,n,1247,10,40,2010/7/13,1,15
2010_AutoParts_Coupon,t,n,22,10,42,2010/7/13,1,15
2010_AutoParts_Coupon,t,n,21,10,46,2010/7/13,2,16.12
2010_AutoParts_Coupon,t,n,20,10,40,2010/7/13,2,17.59
2010_AutoParts_Coupon,t,n,19,10,32,2010/7/13,1,17.94
2010_AutoParts_Coupon,t,n,18,10,32,2010/7/13,1,18.95
2010_AutoParts_Coupon,c,n,1190,0,56,2010/7/13,2,21
2010_AutoParts_Coupon,t,n,17,10,46,2010/7/13,2,23.43
2010_AutoParts_Coupon,t,n,16,0,46,2010/7/13,1,24.99
2010_AutoParts_Coupon,t,n,15,0,20,2010/7/13,1,25.99
2010_AutoParts_Coupon,t,n,14,0,48,2010/7/13,3,26.48
2010_AutoParts_Coupon,c,n,1248,10,52,2010/7/13,2,26.99
2010_AutoParts_Coupon,t,n,13,0,54,2010/7/13,1,27.99
2010_AutoParts_Coupon,t,y,410,0,38,2010/7/13,1,31
2010_AutoParts_Coupon,c,n,1281,0,58,2010/7/13,1,32.11
2010_AutoParts_Coupon,t,y,411,0,62,2010/7/13,1,32.49
2010_AutoParts_Coupon,t,y,408,10,46,2010/7/13,3,36.61
2010_AutoParts_Coupon,t,y,409,0,38,2010/7/13,1,39.01
2010_AutoParts_Coupon,t,n,8,0,42,2010/7/13,6,40.6
2010_AutoParts_Coupon,t,n,7,10,48,2010/7/13,1,42
2010_AutoParts_Coupon,t,n,6,0,70,2010/7/13,2,55.96
2010_AutoParts_Coupon,t,n,5,10,50,2010/7/13,1,57
2010_AutoParts_Coupon,t,n,4,0,34,2010/7/13,2,62.14
2010_AutoParts_Coupon,c,n,1234,0,52,2010/7/13,2,90
2010_AutoParts_Coupon,t,n,3,10,20,2010/7/13,1,180
2010_AutoParts_Coupon,t,n,2,0,56,2010/7/13,1,200
2010_AutoParts_Coupon,t,n,1,0,46,2010/7/13,2,229.45
2010_AutoParts_Coupon,t,n,69,10,70,2010/7/14,1,2.31
2010_AutoParts_Coupon,t,n,68,10,28,2010/7/14,1,3
2010_AutoParts_Coupon,t,n,67,10,54,2010/7/14,1,4.25
2010_AutoParts_Coupon,t,n,66,10,24,2010/7/14,1,4.5
2010_AutoParts_Coupon,t,n,65,10,32,2010/7/14,1,5
2010_AutoParts_Coupon,t,n,64,10,36,2010/7/14,1,5
2010_AutoParts_Coupon,t,n,63,0,30,2010/7/14,1,5.5
2010_AutoParts_Coupon,t,n,62,0,40,2010/7/14,1,5.77
2010_AutoParts_Coupon,t,n,61,0,35,2010/7/14,1,8.42
2010_AutoParts_Coupon,t,n,60,0,34,2010/7/14,1,9.49
2010_AutoParts_Coupon,t,n,59,0,46,2010/7/14,1,12.45
2010_AutoParts_Coupon,t,n,58,10,26,2010/7/14,1,12.5
2010_AutoParts_Coupon,t,n,57,10,30,2010/7/14,1,14.99
2010_AutoParts_Coupon,t,n,56,10,34,2010/7/14,1,15.65
2010_AutoParts_Coupon,c,n,1208,0,48,2010/7/14,2,25.98
2010_AutoParts_Coupon,t,n,55,10,54,2010/7/14,5,26.25
2010_AutoParts_Coupon,t,n,54,0,42,2010/7/14,4,28.03
2010_AutoParts_Coupon,t,n,53,10,32,2010/7/14,1,28.75
2010_AutoParts_Coupon,t,y,450,0,62,2010/7/14,1,28.88
2010_AutoParts_Coupon,t,y,482,10,43,2010/7/14,1,29.55
2010_AutoParts_Coupon,c,n,1235,10,34,2010/7/14,2,30.29
2010_AutoParts_Coupon,t,y,451,0,48,2010/7/14,4,37.7
2010_AutoParts_Coupon,t,y,412,10,50,2010/7/14,1,40
2010_AutoParts_Coupon,c,n,1188,10,66,2010/7/14,1,40.95
2010_AutoParts_Coupon,t,y,452,10,32,2010/7/14,2,43.95
2010_AutoParts_Coupon,t,n,47,10,54,2010/7/14,1,55
2010_AutoParts_Coupon,t,n,42,10,64,2010/7/14,2,72.99
2010_AutoParts_Coupon,t,n,46,0,30,2010/7/14,2,79.98
2010_AutoParts_Coupon,t,n,45,10,50,2010/7/14,3,85.5
2010_AutoParts_Coupon,t,n,44,10,40,2010/7/14,1,100.99
2010_AutoParts_Coupon,t,n,43,0,46,2010/7/14,1,122.5
2010_AutoParts_Coupon,t,n,119,10,56,2010/7/15,1,0.99
2010_AutoParts_Coupon,t,n,118,10,48,2010/7/15,1,2.25
2010_AutoParts_Coupon,t,n,117,10,48,2010/7/15,1,2.3
2010_AutoParts_Coupon,t,n,116,10,26,2010/7/15,1,2.48
2010_AutoParts_Coupon,t,n,115,10,70,2010/7/15,1,3.92
2010_AutoParts_Coupon,t,n,113,10,24,2010/7/15,1,4.99
2010_AutoParts_Coupon,t,n,114,0,46,2010/7/15,1,4.99
2010_AutoParts_Coupon,t,n,112,10,46,2010/7/15,1,5.69
2010_AutoParts_Coupon,t,n,111,10,20,2010/7/15,2,6.28
2010_AutoParts_Coupon,t,n,110,0,30,2010/7/15,1,6.99
2010_AutoParts_Coupon,t,n,109,0,38,2010/7/15,1,7.95
2010_AutoParts_Coupon,t,n,108,0,50,2010/7/15,1,8.27
2010_AutoParts_Coupon,t,n,107,0,28,2010/7/15,1,8.95
2010_AutoParts_Coupon,t,n,106,0,70,2010/7/15,1,9.49
2010_AutoParts_Coupon,t,n,105,0,80,2010/7/15,1,10.49
2010_AutoParts_Coupon,t,n,104,10,50,2010/7/15,4,12
2010_AutoParts_Coupon,t,n,103,0,72,2010/7/15,1,12.6
2010_AutoParts_Coupon,t,n,102,10,32,2010/7/15,1,13
2010_AutoParts_Coupon,t,n,101,10,64,2010/7/15,8,14.87
2010_AutoParts_Coupon,t,n,99,10,30,2010/7/15,1,14.99
2010_AutoParts_Coupon,t,n,100,0,30,2010/7/15,1,14.99
2010_AutoParts_Coupon,t,n,98,0,30,2010/7/15,1,15.99
2010_AutoParts_Coupon,t,n,97,10,26,2010/7/15,1,16
2010_AutoParts_Coupon,t,n,96,0,48,2010/7/15,1,16.5
2010_AutoParts_Coupon,t,n,95,0,30,2010/7/15,1,17
2010_AutoParts_Coupon,t,n,94,10,62,2010/7/15,11,17.29
2010_AutoParts_Coupon,t,n,93,10,38,2010/7/15,1,17.5
2010_AutoParts_Coupon,c,n,1204,10,46,2010/7/15,1,20.5
2010_AutoParts_Coupon,t,n,92,10,52,2010/7/15,1,20.5
2010_AutoParts_Coupon,t,n,91,0,40,2010/7/15,2,20.7
2010_AutoParts_Coupon,t,n,90,10,52,2010/7/15,1,22.5
2010_AutoParts_Coupon,c,n,1243,10,52,2010/7/15,2,22.79
2010_AutoParts_Coupon,c,n,1231,0,52,2010/7/15,1,22.99
2010_AutoParts_Coupon,t,n,89,0,54,2010/7/15,1,22.99
2010_AutoParts_Coupon,t,n,88,0,42,2010/7/15,3,23.5
2010_AutoParts_Coupon,t,n,87,0,36,2010/7/15,1,23.96
2010_AutoParts_Coupon,t,n,86,0,28,2010/7/15,1,24.99
2010_AutoParts_Coupon,t,n,85,0,20,2010/7/15,1,26
2010_AutoParts_Coupon,t,y,484,0,48,2010/7/15,2,26.75
2010_AutoParts_Coupon,t,y,483,0,50,2010/7/15,1,29.95
2010_AutoParts_Coupon,c,n,1278,10,47,2010/7/15,2,31.41
2010_AutoParts_Coupon,t,y,408,10,46,2010/7/15,1,35
2010_AutoParts_Coupon,c,n,1211,10,34,2010/7/15,2,39.98
2010_AutoParts_Coupon,c,n,1181,0,49,2010/7/15,2,43
2010_AutoParts_Coupon,t,y,409,0,38,2010/7/15,2,43.29
2010_AutoParts_Coupon,t,n,80,0,40,2010/7/15,2,44.77
2010_AutoParts_Coupon,t,n,79,10,48,2010/7/15,1,46.99
2010_AutoParts_Coupon,t,n,78,0,46,2010/7/15,13,50.45
2010_AutoParts_Coupon,t,n,77,0,34,2010/7/15,1,56
2010_AutoParts_Coupon,t,n,76,10,50,2010/7/15,4,69.15
2010_AutoParts_Coupon,t,n,75,0,18,2010/7/15,1,84
2010_AutoParts_Coupon,t,n,74,0,20,2010/7/15,1,91.99
2010_AutoParts_Coupon,t,n,70,0,66,2010/7/15,1,100
2010_AutoParts_Coupon,t,n,73,0,48,2010/7/15,5,104.95
2010_AutoParts_Coupon,t,n,72,0,60,2010/7/15,3,126.51
2010_AutoParts_Coupon,t,n,71,0,46,2010/7/15,3,146.6
2010_AutoParts_Coupon,t,n,157,10,30,2010/7/16,1,0.01
2010_AutoParts_Coupon,t,n,156,10,62,2010/7/16,1,0.99
2010_AutoParts_Coupon,t,n,155,10,24,2010/7/16,1,1.99
2010_AutoParts_Coupon,t,n,154,0,46,2010/7/16,1,1.99
2010_AutoParts_Coupon,t,n,153,0,40,2010/7/16,1,2
2010_AutoParts_Coupon,t,n,152,10,56,2010/7/16,1,2.5
2010_AutoParts_Coupon,t,n,151,10,26,2010/7/16,1,3.76
2010_AutoParts_Coupon,t,n,150,0,48,2010/7/16,1,4.5
2010_AutoParts_Coupon,t,n,149,0,46,2010/7/16,1,4.99
2010_AutoParts_Coupon,t,n,148,0,80,2010/7/16,1,5
2010_AutoParts_Coupon,t,n,147,0,44,2010/7/16,1,5.91
2010_AutoParts_Coupon,t,n,146,10,64,2010/7/16,5,5.97
2010_AutoParts_Coupon,t,n,145,0,48,2010/7/16,1,7.05
2010_AutoParts_Coupon,t,n,144,10,32,2010/7/16,1,7.5
2010_AutoParts_Coupon,t,n,143,0,30,2010/7/16,1,8.51
2010_AutoParts_Coupon,t,n,142,10,34,2010/7/16,2,9
2010_AutoParts_Coupon,t,n,141,10,54,2010/7/16,1,9.03
2010_AutoParts_Coupon,t,n,140,0,42,2010/7/16,4,9.96
2010_AutoParts_Coupon,t,n,139,10,50,2010/7/16,1,9.99
2010_AutoParts_Coupon,t,n,138,0,54,2010/7/16,1,11.71
2010_AutoParts_Coupon,t,n,137,10,28,2010/7/16,1,14.95
2010_AutoParts_Coupon,t,n,136,10,22,2010/7/16,1,14.99
2010_AutoParts_Coupon,t,n,135,10,34,2010/7/16,1,14.99
2010_AutoParts_Coupon,t,n,134,10,46,2010/7/16,1,18
2010_AutoParts_Coupon,t,n,133,10,62,2010/7/16,11,23.86
2010_AutoParts_Coupon,t,n,132,0,30,2010/7/16,1,24.95
2010_AutoParts_Coupon,t,n,131,0,60,2010/7/16,1,26.6
2010_AutoParts_Coupon,t,n,130,10,38,2010/7/16,1,27.06
2010_AutoParts_Coupon,t,y,412,10,50,2010/7/16,2,28.35
2010_AutoParts_Coupon,c,n,1260,10,34,2010/7/16,2,41.93
2010_AutoParts_Coupon,t,y,410,0,38,2010/7/16,1,41.99
2010_AutoParts_Coupon,t,y,411,0,62,2010/7/16,1,53.99
2010_AutoParts_Coupon,t,y,450,0,62,2010/7/16,3,59.84
2010_AutoParts_Coupon,t,n,125,0,32,2010/7/16,2,65.99
2010_AutoParts_Coupon,t,n,124,0,56,2010/7/16,1,76.02
2010_AutoParts_Coupon,t,n,123,0,40,2010/7/16,1,86
2010_AutoParts_Coupon,t,n,122,10,26,2010/7/16,1,229.99
2010_AutoParts_Coupon,t,n,121,10,52,2010/7/16,1,320
2010_AutoParts_Coupon,t,n,120,0,28,2010/7/16,1,485.01
2010_AutoParts_Coupon,t,n,199,10,48,2010/7/17,1,1.25
2010_AutoParts_Coupon,t,n,198,10,32,2010/7/17,1,3.39
2010_AutoParts_Coupon,t,n,197,10,62,2010/7/17,1,3.4
2010_AutoParts_Coupon,t,n,196,0,28,2010/7/17,1,3.98
2010_AutoParts_Coupon,t,n,195,10,62,2010/7/17,1,4.99
2010_AutoParts_Coupon,t,n,194,10,35,2010/7/17,1,5.49
2010_AutoParts_Coupon,t,n,193,10,42,2010/7/17,1,6
2010_AutoParts_Coupon,t,n,192,0,60,2010/7/17,1,6.99
2010_AutoParts_Coupon,t,n,191,10,40,2010/7/17,1,7.5
2010_AutoParts_Coupon,t,n,190,0,46,2010/7/17,1,8.5
2010_AutoParts_Coupon,t,n,189,0,54,2010/7/17,1,8.99
2010_AutoParts_Coupon,t,n,188,10,38,2010/7/17,1,9
2010_AutoParts_Coupon,t,n,187,10,56,2010/7/17,1,9.99
2010_AutoParts_Coupon,t,n,186,10,50,2010/7/17,1,10.5
2010_AutoParts_Coupon,t,n,185,10,40,2010/7/17,1,13
2010_AutoParts_Coupon,t,n,184,0,48,2010/7/17,1,13.18
2010_AutoParts_Coupon,t,n,183,10,64,2010/7/17,7,13.62
2010_AutoParts_Coupon,t,n,182,0,72,2010/7/17,1,14.5
2010_AutoParts_Coupon,t,n,181,0,64,2010/7/17,2,14.52
2010_AutoParts_Coupon,t,n,180,0,34,2010/7/17,1,15
2010_AutoParts_Coupon,t,n,179,10,28,2010/7/17,1,15.99
2010_AutoParts_Coupon,t,n,178,10,46,2010/7/17,1,20
2010_AutoParts_Coupon,c,n,1201,0,49,2010/7/17,1,20.99
2010_AutoParts_Coupon,t,n,177,0,46,2010/7/17,3,21.49
2010_AutoParts_Coupon,t,n,176,10,50,2010/7/17,1,21.99
2010_AutoParts_Coupon,t,n,175,0,60,2010/7/17,1,23.5
2010_AutoParts_Coupon,t,n,174,10,56,2010/7/17,3,23.62
2010_AutoParts_Coupon,t,n,173,10,50,2010/7/17,4,23.7
2010_AutoParts_Coupon,t,y,482,10,43,2010/7/17,1,25
2010_AutoParts_Coupon,c,n,1214,10,34,2010/7/17,4,25.69
2010_AutoParts_Coupon,c,n,1271,10,64,2010/7/17,1,28.61
2010_AutoParts_Coupon,t,y,451,0,48,2010/7/17,3,29.75
2010_AutoParts_Coupon,t,y,452,10,32,2010/7/17,4,33.33
2010_AutoParts_Coupon,c,n,1185,0,68,2010/7/17,1,33.49
2010_AutoParts_Coupon,t,y,483,0,50,2010/7/17,1,34.95
2010_AutoParts_Coupon,t,n,168,10,62,2010/7/17,1,34.99
2010_AutoParts_Coupon,t,n,167,0,35,2010/7/17,3,37.5
2010_AutoParts_Coupon,t,n,166,10,56,2010/7/17,1,39.98
2010_AutoParts_Coupon,t,n,165,0,32,2010/7/17,1,40
2010_AutoParts_Coupon,c,n,1194,0,36,2010/7/17,3,41.81
2010_AutoParts_Coupon,t,n,164,0,48,2010/7/17,2,42.99
2010_AutoParts_Coupon,t,n,163,10,54,2010/7/17,1,49
2010_AutoParts_Coupon,t,n,162,0,42,2010/7/17,4,52.55
2010_AutoParts_Coupon,t,n,161,10,32,2010/7/17,1,80
2010_AutoParts_Coupon,t,n,160,10,54,2010/7/17,1,120
2010_AutoParts_Coupon,t,n,159,0,50,2010/7/17,1,150
2010_AutoParts_Coupon,t,n,158,0,34,2010/7/17,1,206.5
2010_AutoParts_Coupon,t,n,250,10,56,2010/7/18,1,0.99
2010_AutoParts_Coupon,t,n,249,10,54,2010/7/18,1,1
2010_AutoParts_Coupon,t,n,248,10,52,2010/7/18,1,1.04
2010_AutoParts_Coupon,t,n,247,10,48,2010/7/18,1,2.75
2010_AutoParts_Coupon,t,n,246,0,44,2010/7/18,2,3.85
2010_AutoParts_Coupon,t,n,245,0,54,2010/7/18,1,4.34
2010_AutoParts_Coupon,t,n,244,10,64,2010/7/18,1,4.95
2010_AutoParts_Coupon,t,n,243,0,54,2010/7/18,1,6.27
2010_AutoParts_Coupon,t,n,242,0,36,2010/7/18,1,6.66
2010_AutoParts_Coupon,t,n,241,10,52,2010/7/18,1,6.99
2010_AutoParts_Coupon,t,n,240,10,56,2010/7/18,7,8.21
2010_AutoParts_Coupon,t,n,239,0,46,2010/7/18,1,9.85
2010_AutoParts_Coupon,t,n,238,0,48,2010/7/18,1,9.99
2010_AutoParts_Coupon,c,n,1286,0,23,2010/7/18,1,10.99
2010_AutoParts_Coupon,t,n,237,0,42,2010/7/18,2,11.98
2010_AutoParts_Coupon,c,n,1179,0,49,2010/7/18,1,12.29
2010_AutoParts_Coupon,t,n,236,0,56,2010/7/18,1,12.89
2010_AutoParts_Coupon,t,n,235,10,52,2010/7/18,1,13.49
2010_AutoParts_Coupon,t,n,234,10,30,2010/7/18,1,13.79
2010_AutoParts_Coupon,t,n,233,0,40,2010/7/18,4,13.92
2010_AutoParts_Coupon,t,n,232,0,48,2010/7/18,1,14.24
2010_AutoParts_Coupon,t,n,231,10,56,2010/7/18,2,14.62
2010_AutoParts_Coupon,t,n,230,10,30,2010/7/18,1,15
2010_AutoParts_Coupon,t,n,229,0,35,2010/7/18,2,15.25
2010_AutoParts_Coupon,t,n,228,10,32,2010/7/18,2,16
2010_AutoParts_Coupon,t,n,227,10,64,2010/7/18,8,16.35
2010_AutoParts_Coupon,t,n,226,0,35,2010/7/18,2,16.99
2010_AutoParts_Coupon,t,n,225,0,46,2010/7/18,1,19.99
2010_AutoParts_Coupon,t,n,224,0,32,2010/7/18,1,20
2010_AutoParts_Coupon,t,n,223,0,54,2010/7/18,1,21.46
2010_AutoParts_Coupon,t,n,222,0,50,2010/7/18,1,21.5
2010_AutoParts_Coupon,t,n,221,10,46,2010/7/18,2,22.98
2010_AutoParts_Coupon,c,n,1269,0,20,2010/7/18,1,23.49
2010_AutoParts_Coupon,c,n,1225,10,19,2010/7/18,1,27.6
2010_AutoParts_Coupon,t,n,220,0,32,2010/7/18,1,28
2010_AutoParts_Coupon,t,n,219,0,34,2010/7/18,1,29.99
2010_AutoParts_Coupon,t,n,218,0,60,2010/7/18,1,34
2010_AutoParts_Coupon,c,n,1195,10,34,2010/7/18,5,34.36
2010_AutoParts_Coupon,c,n,1282,0,36,2010/7/18,3,35.1
2010_AutoParts_Coupon,t,y,409,0,38,2010/7/18,1,37.25
2010_AutoParts_Coupon,t,y,484,0,48,2010/7/18,3,39.94
2010_AutoParts_Coupon,t,y,408,10,46,2010/7/18,3,41.24
2010_AutoParts_Coupon,t,y,410,0,38,2010/7/18,3,46.12
2010_AutoParts_Coupon,t,n,213,10,35,2010/7/18,1,49.99
2010_AutoParts_Coupon,t,n,212,10,30,2010/7/18,32,53.61
2010_AutoParts_Coupon,t,n,211,10,28,2010/7/18,1,57.99
2010_AutoParts_Coupon,t,n,210,0,60,2010/7/18,3,71.48
2010_AutoParts_Coupon,t,n,209,0,20,2010/7/18,2,84.99
2010_AutoParts_Coupon,t,n,208,0,70,2010/7/18,1,86
2010_AutoParts_Coupon,t,n,207,0,38,2010/7/18,4,88.66
2010_AutoParts_Coupon,t,n,206,0,50,2010/7/18,1,90.99
2010_AutoParts_Coupon,t,n,205,0,42,2010/7/18,1,94.99
2010_AutoParts_Coupon,t,n,204,0,46,2010/7/18,9,127.14
2010_AutoParts_Coupon,t,n,203,0,52,2010/7/18,1,127.5
2010_AutoParts_Coupon,t,n,202,10,46,2010/7/18,2,132.01
2010_AutoParts_Coupon,c,n,1227,0,52,2010/7/18,1,146.99
2010_AutoParts_Coupon,t,n,201,0,48,2010/7/18,4,158.99
2010_AutoParts_Coupon,t,n,200,10,46,2010/7/18,1,194.55
2010_AutoParts_Coupon,t,n,295,10,38,2010/7/19,1,0.99
2010_AutoParts_Coupon,t,n,293,0,42,2010/7/19,1,0.99
2010_AutoParts_Coupon,t,n,294,10,62,2010/7/19,1,0.99
2010_AutoParts_Coupon,t,n,292,10,36,2010/7/19,1,1
2010_AutoParts_Coupon,t,n,291,10,34,2010/7/19,1,1.99
2010_AutoParts_Coupon,t,n,290,0,56,2010/7/19,1,1.99
2010_AutoParts_Coupon,t,n,289,0,48,2010/7/19,1,3
2010_AutoParts_Coupon,t,n,288,0,38,2010/7/19,1,3.15
2010_AutoParts_Coupon,t,n,287,10,32,2010/7/19,1,3.47
2010_AutoParts_Coupon,t,n,286,10,50,2010/7/19,1,4.99
2010_AutoParts_Coupon,t,n,285,10,35,2010/7/19,1,5.05
2010_AutoParts_Coupon,t,n,284,0,30,2010/7/19,2,5.14
2010_AutoParts_Coupon,t,n,283,10,32,2010/7/19,1,5.69
2010_AutoParts_Coupon,t,n,282,0,46,2010/7/19,2,6.25
2010_AutoParts_Coupon,t,n,281,0,48,2010/7/19,1,6.98
2010_AutoParts_Coupon,t,n,280,10,32,2010/7/19,1,8
2010_AutoParts_Coupon,t,n,279,0,42,2010/7/19,1,8
2010_AutoParts_Coupon,t,n,278,0,42,2010/7/19,3,9.74
2010_AutoParts_Coupon,t,n,277,0,60,2010/7/19,1,9.92
2010_AutoParts_Coupon,t,n,275,0,30,2010/7/19,1,9.99
2010_AutoParts_Coupon,t,n,276,10,46,2010/7/19,1,9.99
2010_AutoParts_Coupon,t,n,274,10,56,2010/7/19,2,12.98
2010_AutoParts_Coupon,t,n,273,0,36,2010/7/19,2,13.8
2010_AutoParts_Coupon,t,n,272,10,58,2010/7/19,1,15.99
2010_AutoParts_Coupon,t,n,271,10,30,2010/7/19,1,16
2010_AutoParts_Coupon,t,n,270,10,30,2010/7/19,12,16.04
2010_AutoParts_Coupon,t,n,269,10,46,2010/7/19,2,16.58
2010_AutoParts_Coupon,t,n,268,0,54,2010/7/19,1,17.95
2010_AutoParts_Coupon,t,n,267,0,48,2010/7/19,1,19.99
2010_AutoParts_Coupon,t,n,266,10,52,2010/7/19,1,21.5
2010_AutoParts_Coupon,t,n,265,10,30,2010/7/19,16,21.75
2010_AutoParts_Coupon,t,n,264,0,32,2010/7/19,1,23.99
2010_AutoParts_Coupon,c,n,1230,10,52,2010/7/19,2,25.79
2010_AutoParts_Coupon,t,n,263,0,28,2010/7/19,1,26.95
2010_AutoParts_Coupon,t,n,262,0,48,2010/7/19,1,29.56
2010_AutoParts_Coupon,t,n,261,10,46,2010/7/19,1,29.99
2010_AutoParts_Coupon,t,y,412,10,50,2010/7/19,1,31.02
2010_AutoParts_Coupon,c,n,1261,0,52,2010/7/19,2,39.95
2010_AutoParts_Coupon,t,y,411,0,62,2010/7/19,1,44.99
2010_AutoParts_Coupon,t,y,451,0,48,2010/7/19,5,49.72
2010_AutoParts_Coupon,c,n,1254,0,32,2010/7/19,1,49.99
2010_AutoParts_Coupon,t,y,450,0,62,2010/7/19,1,53.85
2010_AutoParts_Coupon,t,n,256,10,46,2010/7/19,1,79.49
2010_AutoParts_Coupon,t,n,255,0,48,2010/7/19,5,116.49
2010_AutoParts_Coupon,t,n,254,10,-99,2010/7/19,1,178.49
2010_AutoParts_Coupon,t,n,253,0,30,2010/7/19,2,198.9
2010_AutoParts_Coupon,t,n,252,0,60,2010/7/19,1,260.99
2010_AutoParts_Coupon,t,n,251,10,52,2010/7/19,1,465
2010_AutoParts_Coupon,t,n,329,10,30,2010/7/20,1,0.54
2010_AutoParts_Coupon,t,n,328,10,56,2010/7/20,1,0.56
2010_AutoParts_Coupon,c,n,1258,10,34,2010/7/20,2,0.99
2010_AutoParts_Coupon,t,n,327,10,58,2010/7/20,1,0.99
2010_AutoParts_Coupon,t,n,326,10,36,2010/7/20,1,1.7
2010_AutoParts_Coupon,t,n,325,10,28,2010/7/20,1,3.45
2010_AutoParts_Coupon,t,n,324,0,36,2010/7/20,1,5.26
2010_AutoParts_Coupon,t,n,323,10,46,2010/7/20,1,5.49
2010_AutoParts_Coupon,t,n,322,0,38,2010/7/20,1,9.99
2010_AutoParts_Coupon,t,n,321,0,42,2010/7/20,1,9.99
2010_AutoParts_Coupon,t,n,320,10,32,2010/7/20,4,10.84
2010_AutoParts_Coupon,t,n,319,10,50,2010/7/20,2,10.99
2010_AutoParts_Coupon,t,n,318,0,80,2010/7/20,1,10.99
2010_AutoParts_Coupon,t,n,317,10,30,2010/7/20,12,13.7
2010_AutoParts_Coupon,t,n,316,10,52,2010/7/20,1,14.99
2010_AutoParts_Coupon,t,n,315,10,30,2010/7/20,12,17.49
2010_AutoParts_Coupon,t,n,314,0,54,2010/7/20,1,19.95
2010_AutoParts_Coupon,t,n,313,10,30,2010/7/20,1,19.99
2010_AutoParts_Coupon,t,n,312,10,54,2010/7/20,1,19.99
2010_AutoParts_Coupon,t,n,311,10,22,2010/7/20,1,20
2010_AutoParts_Coupon,t,n,310,0,30,2010/7/20,1,23
2010_AutoParts_Coupon,t,n,309,10,24,2010/7/20,1,23.26
2010_AutoParts_Coupon,t,n,308,10,52,2010/7/20,1,24.99
2010_AutoParts_Coupon,c,n,1193,0,36,2010/7/20,3,25.95
2010_AutoParts_Coupon,c,n,1178,0,47,2010/7/20,2,26.65
2010_AutoParts_Coupon,t,n,307,0,58,2010/7/20,2,27.98
2010_AutoParts_Coupon,c,n,1187,0,48,2010/7/20,1,29.99
2010_AutoParts_Coupon,t,y,484,0,48,2010/7/20,1,29.99
2010_AutoParts_Coupon,t,y,452,10,32,2010/7/20,1,32
2010_AutoParts_Coupon,c,n,1285,0,52,2010/7/20,1,36.99
2010_AutoParts_Coupon,c,n,1200,0,32,2010/7/20,5,39.38
2010_AutoParts_Coupon,t,y,482,10,43,2010/7/20,1,39.99
2010_AutoParts_Coupon,t,y,483,0,50,2010/7/20,1,45
2010_AutoParts_Coupon,c,n,1206,10,52,2010/7/20,1,49.99
2010_AutoParts_Coupon,t,n,302,0,32,2010/7/20,1,64.99
2010_AutoParts_Coupon,t,n,301,0,34,2010/7/20,1,65
2010_AutoParts_Coupon,t,n,300,10,50,2010/7/20,4,69.98
2010_AutoParts_Coupon,t,n,299,0,46,2010/7/20,8,86.47
2010_AutoParts_Coupon,t,n,298,0,48,2010/7/20,3,92.55
2010_AutoParts_Coupon,c,n,1240,0,54,2010/7/20,1,99
2010_AutoParts_Coupon,t,n,297,0,30,2010/7/20,1,178
2010_AutoParts_Coupon,t,n,296,0,30,2010/7/20,1,191.81
2010_AutoParts_Coupon,t,n,362,10,38,2010/7/21,1,0.99
2010_AutoParts_Coupon,t,n,361,10,28,2010/7/21,1,2.49
2010_AutoParts_Coupon,t,n,360,0,22,2010/7/21,1,4.25
2010_AutoParts_Coupon,t,n,359,0,54,2010/7/21,1,5.01
2010_AutoParts_Coupon,t,n,358,10,56,2010/7/21,7,5.44
2010_AutoParts_Coupon,t,n,357,0,18,2010/7/21,1,6
2010_AutoParts_Coupon,t,n,355,0,28,2010/7/21,1,6.95
2010_AutoParts_Coupon,t,n,356,0,38,2010/7/21,1,6.95
2010_AutoParts_Coupon,t,n,354,10,48,2010/7/21,1,7.99
2010_AutoParts_Coupon,t,n,353,0,46,2010/7/21,1,8
2010_AutoParts_Coupon,t,n,352,10,30,2010/7/21,4,8.16
2010_AutoParts_Coupon,t,n,351,10,48,2010/7/21,1,9.7
2010_AutoParts_Coupon,t,n,350,10,50,2010/7/21,1,10
2010_AutoParts_Coupon,t,n,349,0,46,2010/7/21,1,10.5
2010_AutoParts_Coupon,t,n,348,0,36,2010/7/21,1,10.58
2010_AutoParts_Coupon,t,n,347,0,46,2010/7/21,2,15.86
2010_AutoParts_Coupon,t,n,346,0,56,2010/7/21,1,17.5
2010_AutoParts_Coupon,t,n,345,0,20,2010/7/21,2,17.72
2010_AutoParts_Coupon,t,n,344,0,42,2010/7/21,1,19.99
2010_AutoParts_Coupon,c,n,1283,0,48,2010/7/21,1,22
2010_AutoParts_Coupon,t,n,343,0,48,2010/7/21,2,27.79
2010_AutoParts_Coupon,t,n,342,10,52,2010/7/21,1,28
2010_AutoParts_Coupon,t,n,341,0,30,2010/7/21,2,30.14
2010_AutoParts_Coupon,t,n,340,10,32,2010/7/21,12,30.99
2010_AutoParts_Coupon,t,y,410,0,38,2010/7/21,2,32.98
2010_AutoParts_Coupon,t,y,411,0,62,2010/7/21,1,33.33
2010_AutoParts_Coupon,c,n,1266,0,47,2010/7/21,2,35.5
2010_AutoParts_Coupon,c,n,1219,0,36,2010/7/21,1,36
2010_AutoParts_Coupon,t,y,408,10,46,2010/7/21,2,44.49
2010_AutoParts_Coupon,c,n,1246,10,40,2010/7/21,4,46
2010_AutoParts_Coupon,t,y,409,0,38,2010/7/21,1,46.5
2010_AutoParts_Coupon,t,y,412,10,50,2010/7/21,3,53.54
2010_AutoParts_Coupon,t,n,334,0,34,2010/7/21,2,55.49
2010_AutoParts_Coupon,t,n,333,10,34,2010/7/21,1,56
2010_AutoParts_Coupon,t,n,331,10,22,2010/7/21,2,89.99
2010_AutoParts_Coupon,t,n,332,0,32,2010/7/21,1,89.99
2010_AutoParts_Coupon,t,n,330,10,52,2010/7/21,1,510.01
2010_AutoParts_Coupon,t,n,399,10,32,2010/7/22,1,0.13
2010_AutoParts_Coupon,t,n,398,0,52,2010/7/22,1,0.99
2010_AutoParts_Coupon,t,n,397,10,20,2010/7/22,1,2.49
2010_AutoParts_Coupon,t,n,396,10,46,2010/7/22,1,3.28
2010_AutoParts_Coupon,t,n,395,10,54,2010/7/22,1,4.09
2010_AutoParts_Coupon,t,n,394,0,30,2010/7/22,2,4.18
2010_AutoParts_Coupon,t,n,393,10,36,2010/7/22,1,5.24
2010_AutoParts_Coupon,t,n,392,0,24,2010/7/22,1,5.5
2010_AutoParts_Coupon,t,n,390,0,30,2010/7/22,2,5.99
2010_AutoParts_Coupon,t,n,391,0,30,2010/7/22,1,5.99
2010_AutoParts_Coupon,t,n,389,10,56,2010/7/22,5,6.08
2010_AutoParts_Coupon,t,n,388,10,38,2010/7/22,1,6.98
2010_AutoParts_Coupon,t,n,387,10,44,2010/7/22,1,7.58
2010_AutoParts_Coupon,t,n,386,10,58,2010/7/22,1,7.95
2010_AutoParts_Coupon,t,n,385,0,20,2010/7/22,1,8.22
2010_AutoParts_Coupon,t,n,384,10,30,2010/7/22,9,10.03
2010_AutoParts_Coupon,t,n,383,0,56,2010/7/22,1,11.75
2010_AutoParts_Coupon,t,n,382,0,34,2010/7/22,2,13.56
2010_AutoParts_Coupon,t,n,381,0,46,2010/7/22,1,14.35
2010_AutoParts_Coupon,t,n,380,0,54,2010/7/22,2,14.72
2010_AutoParts_Coupon,t,n,379,10,32,2010/7/22,2,19.21
2010_AutoParts_Coupon,t,n,378,10,38,2010/7/22,2,19.25
2010_AutoParts_Coupon,t,n,377,10,50,2010/7/22,2,20.94
2010_AutoParts_Coupon,t,n,376,10,28,2010/7/22,1,22.22
2010_AutoParts_Coupon,t,n,375,0,46,2010/7/22,4,22.72
2010_AutoParts_Coupon,t,n,374,10,58,2010/7/22,1,25
2010_AutoParts_Coupon,c,n,1184,0,54,2010/7/22,2,26.99
2010_AutoParts_Coupon,t,n,373,10,38,2010/7/22,1,27.99
2010_AutoParts_Coupon,c,n,1197,10,46,2010/7/22,2,29.99
2010_AutoParts_Coupon,t,n,372,0,34,2010/7/22,1,31
2010_AutoParts_Coupon,c,n,1186,10,66,2010/7/22,3,33.99
2010_AutoParts_Coupon,t,y,450,0,62,2010/7/22,1,43.98
2010_AutoParts_Coupon,t,y,451,0,48,2010/7/22,3,45.48
2010_AutoParts_Coupon,t,n,369,0,30,2010/7/22,1,47
2010_AutoParts_Coupon,t,n,368,0,30,2010/7/22,1,56
2010_AutoParts_Coupon,t,n,367,0,36,2010/7/22,2,58.98
2010_AutoParts_Coupon,t,n,366,0,32,2010/7/22,3,71.84
2010_AutoParts_Coupon,t,n,365,0,48,2010/7/22,2,121.01
2010_AutoParts_Coupon,t,n,364,0,30,2010/7/22,4,241.96
2010_AutoParts_Coupon,t,n,363,0,56,2010/7/22,1,500
2010_AutoParts_Coupon,t,n,413,0,20,2010/7/23,1,0.95
2010_AutoParts_Coupon,t,n,442,10,30,2010/7/23,2,1.99
2010_AutoParts_Coupon,t,n,426,0,32,2010/7/23,1,1.99
2010_AutoParts_Coupon,t,n,441,10,32,2010/7/23,4,5.94
2010_AutoParts_Coupon,t,n,430,10,48,2010/7/23,4,7.96
2010_AutoParts_Coupon,t,n,440,0,50,2010/7/23,1,8.46
2010_AutoParts_Coupon,t,n,429,0,30,2010/7/23,1,8.79
2010_AutoParts_Coupon,t,n,439,0,44,2010/7/23,1,8.95
2010_AutoParts_Coupon,t,n,414,10,36,2010/7/23,2,9.94
2010_AutoParts_Coupon,t,n,404,0,48,2010/7/23,1,10
2010_AutoParts_Coupon,t,n,438,10,26,2010/7/23,1,10.51
2010_AutoParts_Coupon,t,n,437,10,46,2010/7/23,1,11.95
2010_AutoParts_Coupon,t,n,407,0,34,2010/7/23,1,12
2010_AutoParts_Coupon,t,n,436,0,54,2010/7/23,1,12.5
2010_AutoParts_Coupon,t,n,434,10,46,2010/7/23,1,15.5
2010_AutoParts_Coupon,t,n,435,0,54,2010/7/23,1,15.5
2010_AutoParts_Coupon,t,n,433,0,60,2010/7/23,2,17.5
2010_AutoParts_Coupon,t,n,432,0,58,2010/7/23,1,20.99
2010_AutoParts_Coupon,t,n,431,10,56,2010/7/23,3,22.98
2010_AutoParts_Coupon,c,n,1255,10,66,2010/7/23,2,27.99
2010_AutoParts_Coupon,t,n,428,10,46,2010/7/23,1,29.99
2010_AutoParts_Coupon,t,n,427,0,34,2010/7/23,1,30.44
2010_AutoParts_Coupon,t,n,424,10,28,2010/7/23,1,35
2010_AutoParts_Coupon,t,n,425,0,48,2010/7/23,1,35
2010_AutoParts_Coupon,t,n,423,0,-99,2010/7/23,1,37
2010_AutoParts_Coupon,t,n,422,10,52,2010/7/23,1,37.99
2010_AutoParts_Coupon,t,n,419,10,44,2010/7/23,1,39.99
2010_AutoParts_Coupon,t,n,420,10,46,2010/7/23,1,39.99
2010_AutoParts_Coupon,c,n,1267,0,52,2010/7/23,2,39.99
2010_AutoParts_Coupon,t,n,421,10,60,2010/7/23,1,39.99
2010_AutoParts_Coupon,t,n,401,0,56,2010/7/23,1,40
2010_AutoParts_Coupon,t,n,418,0,40,2010/7/23,2,40.72
2010_AutoParts_Coupon,t,n,400,10,32,2010/7/23,1,42
2010_AutoParts_Coupon,c,n,1220,0,66,2010/7/23,2,48.3
2010_AutoParts_Coupon,t,n,417,5,30,2010/7/23,1,50.99
2010_AutoParts_Coupon,t,n,416,10,58,2010/7/23,1,59
2010_AutoParts_Coupon,t,n,415,0,30,2010/7/23,1,59.01
2010_AutoParts_Coupon,t,y,412,10,50,2010/7/23,1,66.29
2010_AutoParts_Coupon,t,y,411,0,62,2010/7/23,1,68.5
2010_AutoParts_Coupon,t,y,409,0,38,2010/7/23,1,100
2010_AutoParts_Coupon,t,n,403,10,26,2010/7/23,2,124
2010_AutoParts_Coupon,t,n,406,10,30,2010/7/23,1,128
2010_AutoParts_Coupon,t,n,405,0,70,2010/7/23,1,150
2010_AutoParts_Coupon,t,y,408,10,46,2010/7/23,1,209
2010_AutoParts_Coupon,t,n,402,10,48,2010/7/23,1,210
2010_AutoParts_Coupon,t,y,410,0,38,2010/7/23,1,275
2010_AutoParts_Coupon,t,n,457,0,34,2010/7/24,1,0.25
2010_AutoParts_Coupon,t,n,443,0,48,2010/7/24,1,0.5
2010_AutoParts_Coupon,t,n,454,10,30,2010/7/24,2,0.98
2010_AutoParts_Coupon,t,n,469,0,40,2010/7/24,1,1.99
2010_AutoParts_Coupon,t,n,473,0,46,2010/7/24,1,3.48
2010_AutoParts_Coupon,t,n,472,10,26,2010/7/24,1,5.99
2010_AutoParts_Coupon,t,n,471,0,60,2010/7/24,1,9.25
2010_AutoParts_Coupon,t,n,446,10,36,2010/7/24,1,10
2010_AutoParts_Coupon,t,n,470,10,64,2010/7/24,4,11.46
2010_AutoParts_Coupon,t,n,445,10,46,2010/7/24,2,11.49
2010_AutoParts_Coupon,t,n,468,10,60,2010/7/24,1,13.9
2010_AutoParts_Coupon,t,n,467,0,54,2010/7/24,1,16.27
2010_AutoParts_Coupon,t,n,466,0,46,2010/7/24,2,18.76
2010_AutoParts_Coupon,t,n,465,0,46,2010/7/24,6,20.92
2010_AutoParts_Coupon,t,n,464,0,44,2010/7/24,2,26.9
2010_AutoParts_Coupon,t,n,463,0,28,2010/7/24,1,29.99
2010_AutoParts_Coupon,t,n,462,10,48,2010/7/24,1,30.24
2010_AutoParts_Coupon,t,n,461,10,30,2010/7/24,1,30.99
2010_AutoParts_Coupon,t,n,460,10,38,2010/7/24,1,31
2010_AutoParts_Coupon,c,n,1265,10,34,2010/7/24,1,33.99
2010_AutoParts_Coupon,t,n,459,10,32,2010/7/24,2,35.56
2010_AutoParts_Coupon,t,n,458,10,56,2010/7/24,4,36.46
2010_AutoParts_Coupon,c,n,1202,0,48,2010/7/24,2,50
2010_AutoParts_Coupon,t,n,456,0,46,2010/7/24,2,61.59
2010_AutoParts_Coupon,t,n,455,10,28,2010/7/24,1,70
2010_AutoParts_Coupon,t,n,453,10,30,2010/7/24,1,83
2010_AutoParts_Coupon,t,y,452,10,32,2010/7/24,1,90
2010_AutoParts_Coupon,t,n,449,10,40,2010/7/24,1,100.5
2010_AutoParts_Coupon,t,n,448,0,22,2010/7/24,1,100.99
2010_AutoParts_Coupon,t,n,447,0,42,2010/7/24,6,126.52
2010_AutoParts_Coupon,t,y,450,0,62,2010/7/24,2,160
2010_AutoParts_Coupon,t,y,451,0,48,2010/7/24,1,192
2010_AutoParts_Coupon,t,n,444,0,48,2010/7/24,1,251
2010_AutoParts_Coupon,t,n,480,10,56,2010/7/25,8,0.11
2010_AutoParts_Coupon,t,n,487,10,46,2010/7/25,1,0.99
2010_AutoParts_Coupon,t,n,475,10,58,2010/7/25,1,0.99
2010_AutoParts_Coupon,t,n,500,0,48,2010/7/25,3,1.53
2010_AutoParts_Coupon,t,n,516,10,32,2010/7/25,1,2.25
2010_AutoParts_Coupon,t,n,515,10,64,2010/7/25,1,2.29
2010_AutoParts_Coupon,t,n,478,0,42,2010/7/25,17,2.81
2010_AutoParts_Coupon,t,n,510,10,50,2010/7/25,2,4.98
2010_AutoParts_Coupon,t,n,514,0,46,2010/7/25,1,5.99
2010_AutoParts_Coupon,t,n,513,0,46,2010/7/25,1,6.5
2010_AutoParts_Coupon,t,n,488,10,38,2010/7/25,1,8.98
2010_AutoParts_Coupon,t,n,512,10,60,2010/7/25,2,8.98
2010_AutoParts_Coupon,t,n,511,0,34,2010/7/25,1,9.5
2010_AutoParts_Coupon,t,n,508,10,30,2010/7/25,1,14.99
2010_AutoParts_Coupon,t,n,509,0,54,2010/7/25,1,14.99
2010_AutoParts_Coupon,t,n,507,0,54,2010/7/25,2,15.41
2010_AutoParts_Coupon,t,n,506,10,34,2010/7/25,1,15.5
2010_AutoParts_Coupon,t,n,505,0,28,2010/7/25,2,16.9
2010_AutoParts_Coupon,t,n,504,0,30,2010/7/25,3,18.06
2010_AutoParts_Coupon,c,n,1276,10,64,2010/7/25,1,19.99
2010_AutoParts_Coupon,t,n,503,10,48,2010/7/25,2,21.98
2010_AutoParts_Coupon,t,n,502,0,56,2010/7/25,1,21.99
2010_AutoParts_Coupon,t,n,501,10,22,2010/7/25,1,29.01
2010_AutoParts_Coupon,c,n,1207,0,49,2010/7/25,1,30
2010_AutoParts_Coupon,c,n,1198,0,48,2010/7/25,2,34.95
2010_AutoParts_Coupon,t,n,499,10,40,2010/7/25,1,37.98
2010_AutoParts_Coupon,c,n,1191,0,66,2010/7/25,1,38.74
2010_AutoParts_Coupon,t,n,497,0,40,2010/7/25,1,39.99
2010_AutoParts_Coupon,t,n,498,0,42,2010/7/25,2,39.99
2010_AutoParts_Coupon,t,n,496,0,40,2010/7/25,1,40
2010_AutoParts_Coupon,t,n,495,0,56,2010/7/25,3,40.54
2010_AutoParts_Coupon,t,n,494,10,52,2010/7/25,1,45
2010_AutoParts_Coupon,t,n,493,0,32,2010/7/25,1,45.95
2010_AutoParts_Coupon,t,n,492,0,54,2010/7/25,3,46.17
2010_AutoParts_Coupon,c,n,1238,10,34,2010/7/25,3,46.43
2010_AutoParts_Coupon,t,n,491,0,46,2010/7/25,7,46.54
2010_AutoParts_Coupon,t,n,490,0,70,2010/7/25,1,50
2010_AutoParts_Coupon,t,n,489,10,32,2010/7/25,3,61
2010_AutoParts_Coupon,t,n,479,0,44,2010/7/25,1,62.5
2010_AutoParts_Coupon,t,n,474,0,32,2010/7/25,1,70.5
2010_AutoParts_Coupon,t,n,486,0,56,2010/7/25,1,75.24
2010_AutoParts_Coupon,c,n,1222,10,42,2010/7/25,2,80
2010_AutoParts_Coupon,t,n,485,0,50,2010/7/25,1,90.99
2010_AutoParts_Coupon,t,n,481,0,30,2010/7/25,3,104.98
2010_AutoParts_Coupon,t,y,482,10,43,2010/7/25,2,120.75
2010_AutoParts_Coupon,t,y,484,0,48,2010/7/25,2,139.98
2010_AutoParts_Coupon,t,n,477,0,30,2010/7/25,1,190
2010_AutoParts_Coupon,t,y,483,0,50,2010/7/25,3,200.24
2010_AutoParts_Coupon,t,n,476,0,60,2010/7/25,1,350
2010_AutoParts_Coupon,t,n,557,10,22,2010/7/26,1,1.25
2010_AutoParts_Coupon,t,n,556,10,46,2010/7/26,1,1.76
2010_AutoParts_Coupon,t,n,555,0,42,2010/7/26,2,1.98
2010_AutoParts_Coupon,t,n,554,10,28,2010/7/26,1,2
2010_AutoParts_Coupon,t,n,553,0,22,2010/7/26,1,2.39
2010_AutoParts_Coupon,t,n,552,0,-99,2010/7/26,1,2.76
2010_AutoParts_Coupon,t,n,551,10,30,2010/7/26,1,2.97
2010_AutoParts_Coupon,t,n,550,0,54,2010/7/26,1,3.75
2010_AutoParts_Coupon,t,n,549,0,30,2010/7/26,1,4.99
2010_AutoParts_Coupon,t,n,548,10,44,2010/7/26,1,5
2010_AutoParts_Coupon,t,n,547,0,42,2010/7/26,1,5.95
2010_AutoParts_Coupon,t,n,546,5,78,2010/7/26,1,6.25
2010_AutoParts_Coupon,t,n,545,10,56,2010/7/26,2,6.54
2010_AutoParts_Coupon,t,n,544,0,48,2010/7/26,1,6.8
2010_AutoParts_Coupon,t,n,543,0,38,2010/7/26,2,7.04
2010_AutoParts_Coupon,t,n,542,0,54,2010/7/26,1,9.45
2010_AutoParts_Coupon,t,n,541,10,38,2010/7/26,1,9.94
2010_AutoParts_Coupon,t,n,540,0,60,2010/7/26,1,9.99
2010_AutoParts_Coupon,t,n,539,0,58,2010/7/26,1,10
2010_AutoParts_Coupon,t,n,538,10,30,2010/7/26,1,10.99
2010_AutoParts_Coupon,t,n,537,10,58,2010/7/26,1,13.98
2010_AutoParts_Coupon,t,n,536,10,50,2010/7/26,2,17.19
2010_AutoParts_Coupon,t,n,535,10,52,2010/7/26,1,18.99
2010_AutoParts_Coupon,t,n,534,0,35,2010/7/26,1,19.99
2010_AutoParts_Coupon,t,n,533,10,56,2010/7/26,5,20.33
2010_AutoParts_Coupon,t,n,532,0,40,2010/7/26,1,20.69
2010_AutoParts_Coupon,t,n,531,10,30,2010/7/26,9,26.54
2010_AutoParts_Coupon,t,n,530,0,56,2010/7/26,1,27.99
2010_AutoParts_Coupon,t,n,529,10,28,2010/7/26,1,29.8
2010_AutoParts_Coupon,t,n,528,10,34,2010/7/26,2,30.5
2010_AutoParts_Coupon,t,y,483,0,50,2010/7/26,3,35.69
2010_AutoParts_Coupon,t,y,482,10,43,2010/7/26,2,37.99
2010_AutoParts_Coupon,c,n,1174,10,44,2010/7/26,1,42
2010_AutoParts_Coupon,t,y,452,10,32,2010/7/26,3,48
2010_AutoParts_Coupon,c,n,1212,0,48,2010/7/26,1,49.55
2010_AutoParts_Coupon,t,n,524,0,34,2010/7/26,2,50.5
2010_AutoParts_Coupon,t,n,523,10,52,2010/7/26,6,61.58
2010_AutoParts_Coupon,t,n,522,0,24,2010/7/26,1,62.99
2010_AutoParts_Coupon,t,n,521,0,46,2010/7/26,8,72.42
2010_AutoParts_Coupon,t,n,520,0,30,2010/7/26,1,81.85
2010_AutoParts_Coupon,t,n,519,10,30,2010/7/26,2,103.98
2010_AutoParts_Coupon,t,n,518,0,56,2010/7/26,4,328.35
2010_AutoParts_Coupon,t,n,517,0,35,2010/7/26,1,380
2010_AutoParts_Coupon,t,n,601,0,42,2010/7/27,1,0.01
2010_AutoParts_Coupon,t,n,600,10,46,2010/7/27,1,0.99
2010_AutoParts_Coupon,t,n,599,10,56,2010/7/27,1,0.99
2010_AutoParts_Coupon,t,n,598,10,64,2010/7/27,1,1.58
2010_AutoParts_Coupon,t,n,597,10,56,2010/7/27,2,1.98
2010_AutoParts_Coupon,t,n,596,10,40,2010/7/27,2,2.95
2010_AutoParts_Coupon,c,n,1250,10,34,2010/7/27,1,2.97
2010_AutoParts_Coupon,t,n,595,10,54,2010/7/27,1,3
2010_AutoParts_Coupon,t,n,594,0,30,2010/7/27,1,3.99
2010_AutoParts_Coupon,t,n,593,0,40,2010/7/27,1,3.99
2010_AutoParts_Coupon,t,n,592,10,36,2010/7/27,3,4.05
2010_AutoParts_Coupon,t,n,591,0,38,2010/7/27,1,4.95
2010_AutoParts_Coupon,t,n,590,10,48,2010/7/27,1,5.5
2010_AutoParts_Coupon,t,n,589,0,48,2010/7/27,1,6
2010_AutoParts_Coupon,t,n,588,0,26,2010/7/27,1,8
2010_AutoParts_Coupon,t,n,587,0,46,2010/7/27,1,8
2010_AutoParts_Coupon,t,n,586,0,42,2010/7/27,1,9.54
2010_AutoParts_Coupon,t,n,584,0,42,2010/7/27,1,9.99
2010_AutoParts_Coupon,t,n,585,0,56,2010/7/27,1,9.99
2010_AutoParts_Coupon,t,n,583,0,78,2010/7/27,1,10.99
2010_AutoParts_Coupon,t,n,582,10,38,2010/7/27,3,13.5
2010_AutoParts_Coupon,t,n,581,10,46,2010/7/27,2,17.98
2010_AutoParts_Coupon,t,n,580,0,46,2010/7/27,1,18.5
2010_AutoParts_Coupon,t,n,579,0,28,2010/7/27,1,19.01
2010_AutoParts_Coupon,t,n,578,0,36,2010/7/27,1,19.95
2010_AutoParts_Coupon,t,n,577,0,30,2010/7/27,1,19.99
2010_AutoParts_Coupon,t,n,576,10,50,2010/7/27,2,20.95
2010_AutoParts_Coupon,t,n,575,10,42,2010/7/27,1,23.57
2010_AutoParts_Coupon,t,n,574,0,30,2010/7/27,1,25
2010_AutoParts_Coupon,t,n,573,0,28,2010/7/27,1,25.95
2010_AutoParts_Coupon,c,n,1221,0,36,2010/7/27,2,26
2010_AutoParts_Coupon,t,n,572,0,56,2010/7/27,1,29.51
2010_AutoParts_Coupon,c,n,1203,0,48,2010/7/27,1,34.98
2010_AutoParts_Coupon,t,n,571,10,32,2010/7/27,1,34.99
2010_AutoParts_Coupon,t,y,410,0,38,2010/7/27,2,35.62
2010_AutoParts_Coupon,t,y,409,0,38,2010/7/27,2,35.99
2010_AutoParts_Coupon,t,y,484,0,48,2010/7/27,1,45
2010_AutoParts_Coupon,t,y,408,10,46,2010/7/27,1,55
2010_AutoParts_Coupon,t,n,566,10,52,2010/7/27,2,59.95
2010_AutoParts_Coupon,t,n,565,0,38,2010/7/27,2,62.58
2010_AutoParts_Coupon,t,n,564,10,40,2010/7/27,1,79.99
2010_AutoParts_Coupon,t,n,563,0,48,2010/7/27,1,89.5
2010_AutoParts_Coupon,t,n,562,10,38,2010/7/27,1,124.99
2010_AutoParts_Coupon,t,n,561,0,44,2010/7/27,1,134
2010_AutoParts_Coupon,t,n,560,0,33,2010/7/27,1,225
2010_AutoParts_Coupon,t,n,559,0,30,2010/7/27,1,255.99
2010_AutoParts_Coupon,t,n,558,10,38,2010/7/27,1,295
2010_AutoParts_Coupon,t,n,635,0,42,2010/7/28,1,0.5
2010_AutoParts_Coupon,c,n,1237,10,42,2010/7/28,1,0.9
2010_AutoParts_Coupon,t,n,634,10,46,2010/7/28,1,0.99
2010_AutoParts_Coupon,t,n,633,10,33,2010/7/28,1,1
2010_AutoParts_Coupon,t,n,632,10,56,2010/7/28,2,1.98
2010_AutoParts_Coupon,t,n,631,10,26,2010/7/28,1,4
2010_AutoParts_Coupon,t,n,630,0,54,2010/7/28,1,4.39
2010_AutoParts_Coupon,t,n,629,10,28,2010/7/28,4,4.48
2010_AutoParts_Coupon,t,n,628,0,64,2010/7/28,5,4.53
2010_AutoParts_Coupon,t,n,627,0,30,2010/7/28,1,4.95
2010_AutoParts_Coupon,t,n,626,10,60,2010/7/28,1,5.5
2010_AutoParts_Coupon,t,n,625,10,38,2010/7/28,2,6.98
2010_AutoParts_Coupon,t,n,624,10,38,2010/7/28,1,9.99
2010_AutoParts_Coupon,t,n,622,10,56,2010/7/28,1,9.99
2010_AutoParts_Coupon,t,n,623,0,60,2010/7/28,1,9.99
2010_AutoParts_Coupon,t,n,621,10,28,2010/7/28,3,10.18
2010_AutoParts_Coupon,t,n,620,10,64,2010/7/28,2,11.13
2010_AutoParts_Coupon,c,n,1275,5,60,2010/7/28,4,12.22
2010_AutoParts_Coupon,t,n,619,0,56,2010/7/28,1,12.94
2010_AutoParts_Coupon,t,n,618,10,35,2010/7/28,1,14.99
2010_AutoParts_Coupon,t,n,617,10,46,2010/7/28,1,16
2010_AutoParts_Coupon,t,n,616,10,28,2010/7/28,1,17.99
2010_AutoParts_Coupon,t,n,615,0,48,2010/7/28,1,19.12
2010_AutoParts_Coupon,t,n,614,0,46,2010/7/28,3,21.81
2010_AutoParts_Coupon,t,n,613,10,56,2010/7/28,6,21.86
2010_AutoParts_Coupon,t,n,612,10,28,2010/7/28,2,23.5
2010_AutoParts_Coupon,t,n,611,10,34,2010/7/28,1,24
2010_AutoParts_Coupon,t,y,411,0,62,2010/7/28,1,24.99
2010_AutoParts_Coupon,t,y,451,0,48,2010/7/28,1,25
2010_AutoParts_Coupon,c,n,1253,10,32,2010/7/28,1,29.49
2010_AutoParts_Coupon,t,y,412,10,50,2010/7/28,5,32.89
2010_AutoParts_Coupon,t,y,450,0,62,2010/7/28,1,49
2010_AutoParts_Coupon,t,n,606,10,50,2010/7/28,3,55.9
2010_AutoParts_Coupon,t,n,605,0,34,2010/7/28,1,59.99
2010_AutoParts_Coupon,t,n,604,10,32,2010/7/28,1,81
2010_AutoParts_Coupon,c,n,1279,0,48,2010/7/28,2,87.5
2010_AutoParts_Coupon,t,n,603,10,40,2010/7/28,1,95
2010_AutoParts_Coupon,t,n,602,0,50,2010/7/28,1,349
2010_AutoParts_Coupon,t,n,663,10,76,2010/7/29,1,0.5
2010_AutoParts_Coupon,t,n,662,10,40,2010/7/29,1,0.99
2010_AutoParts_Coupon,t,n,661,10,46,2010/7/29,1,0.99
2010_AutoParts_Coupon,t,n,660,0,62,2010/7/29,1,1
2010_AutoParts_Coupon,t,n,659,10,64,2010/7/29,3,2.97
2010_AutoParts_Coupon,t,n,658,10,42,2010/7/29,1,5
2010_AutoParts_Coupon,t,n,657,10,38,2010/7/29,1,5.5
2010_AutoParts_Coupon,t,n,656,10,50,2010/7/29,1,6
2010_AutoParts_Coupon,t,n,655,10,46,2010/7/29,2,6.05
2010_AutoParts_Coupon,t,n,654,10,33,2010/7/29,1,7.47
2010_AutoParts_Coupon,t,n,653,10,46,2010/7/29,1,8.75
2010_AutoParts_Coupon,t,n,652,0,46,2010/7/29,1,8.99
2010_AutoParts_Coupon,t,n,651,0,56,2010/7/29,1,9.4
2010_AutoParts_Coupon,t,n,650,10,33,2010/7/29,1,9.85
2010_AutoParts_Coupon,t,n,649,10,24,2010/7/29,1,10
2010_AutoParts_Coupon,c,n,1245,0,36,2010/7/29,2,14
2010_AutoParts_Coupon,t,n,648,10,36,2010/7/29,2,14.98
2010_AutoParts_Coupon,t,n,647,0,42,2010/7/29,1,15
2010_AutoParts_Coupon,t,n,646,10,56,2010/7/29,7,15.86
2010_AutoParts_Coupon,t,n,645,10,56,2010/7/29,1,15.98
2010_AutoParts_Coupon,t,n,644,0,45,2010/7/29,2,17.49
2010_AutoParts_Coupon,t,n,643,0,36,2010/7/29,1,18.99
2010_AutoParts_Coupon,t,n,642,10,45,2010/7/29,3,27.07
2010_AutoParts_Coupon,c,n,1189,10,42,2010/7/29,2,34.7
2010_AutoParts_Coupon,t,y,452,10,32,2010/7/29,1,39.99
2010_AutoParts_Coupon,t,y,482,10,43,2010/7/29,1,46
2010_AutoParts_Coupon,c,n,1252,10,34,2010/7/29,2,53.96
2010_AutoParts_Coupon,t,n,639,0,40,2010/7/29,1,67
2010_AutoParts_Coupon,t,n,638,10,35,2010/7/29,2,125
2010_AutoParts_Coupon,t,n,637,10,52,2010/7/29,19,261.36
2010_AutoParts_Coupon,t,n,636,0,56,2010/7/29,5,409.98
2010_AutoParts_Coupon,t,n,690,10,40,2010/7/30,1,0.56
2010_AutoParts_Coupon,t,n,689,0,45,2010/7/30,1,0.99
2010_AutoParts_Coupon,t,n,688,0,72,2010/7/30,1,2.5
2010_AutoParts_Coupon,t,n,687,0,76,2010/7/30,1,2.58
2010_AutoParts_Coupon,t,n,686,0,70,2010/7/30,1,3.28
2010_AutoParts_Coupon,t,n,685,10,46,2010/7/30,1,5
2010_AutoParts_Coupon,t,n,684,0,45,2010/7/30,1,6
2010_AutoParts_Coupon,t,n,683,0,45,2010/7/30,1,8.08
2010_AutoParts_Coupon,t,n,682,0,46,2010/7/30,1,9.99
2010_AutoParts_Coupon,t,n,681,10,38,2010/7/30,1,14.99
2010_AutoParts_Coupon,t,n,680,0,45,2010/7/30,1,16.05
2010_AutoParts_Coupon,t,n,679,10,36,2010/7/30,3,17.47
2010_AutoParts_Coupon,c,n,1280,10,42,2010/7/30,2,20.7
2010_AutoParts_Coupon,t,n,678,10,62,2010/7/30,1,21.5
2010_AutoParts_Coupon,c,n,1177,10,34,2010/7/30,2,23.99
2010_AutoParts_Coupon,c,n,1277,10,66,2010/7/30,1,23.99
2010_AutoParts_Coupon,t,y,408,10,46,2010/7/30,1,25.05
2010_AutoParts_Coupon,t,y,409,0,38,2010/7/30,2,26.97
2010_AutoParts_Coupon,t,y,483,0,50,2010/7/30,2,27.92
2010_AutoParts_Coupon,t,y,484,0,48,2010/7/30,1,29.99
2010_AutoParts_Coupon,t,n,673,10,42,2010/7/30,2,32.5
2010_AutoParts_Coupon,t,n,671,0,54,2010/7/30,1,34
2010_AutoParts_Coupon,t,n,672,10,64,2010/7/30,1,34
2010_AutoParts_Coupon,t,n,670,0,36,2010/7/30,3,34.23
2010_AutoParts_Coupon,t,n,669,0,45,2010/7/30,1,34.49
2010_AutoParts_Coupon,t,n,668,0,32,2010/7/30,1,37.76
2010_AutoParts_Coupon,t,n,667,10,56,2010/7/30,1,39.99
2010_AutoParts_Coupon,t,n,666,10,56,2010/7/30,4,43.77
2010_AutoParts_Coupon,c,n,1236,0,20,2010/7/30,1,57
2010_AutoParts_Coupon,t,n,665,10,36,2010/7/30,1,59.99
2010_AutoParts_Coupon,t,n,664,0,62,2010/7/30,1,69.99
2010_AutoParts_Coupon,t,n,636,0,56,2010/7/30,1,3630.99
2010_AutoParts_Coupon,t,n,725,0,22,2010/7/31,1,0.99
2010_AutoParts_Coupon,t,n,727,10,42,2010/7/31,1,0.99
2010_AutoParts_Coupon,t,n,728,10,42,2010/7/31,1,0.99
2010_AutoParts_Coupon,t,n,726,10,46,2010/7/31,1,0.99
2010_AutoParts_Coupon,t,n,729,10,56,2010/7/31,1,0.99
2010_AutoParts_Coupon,c,n,1180,10,40,2010/7/31,2,1.75
2010_AutoParts_Coupon,t,n,724,10,45,2010/7/31,1,1.75
2010_AutoParts_Coupon,t,n,723,10,36,2010/7/31,1,1.8
2010_AutoParts_Coupon,t,n,722,0,30,2010/7/31,1,2.25
2010_AutoParts_Coupon,t,n,721,10,28,2010/7/31,1,2.54
2010_AutoParts_Coupon,t,n,720,0,52,2010/7/31,1,3.25
2010_AutoParts_Coupon,t,n,719,10,48,2010/7/31,1,3.99
2010_AutoParts_Coupon,c,n,1223,10,34,2010/7/31,5,4.95
2010_AutoParts_Coupon,t,n,718,10,54,2010/7/31,1,4.99
2010_AutoParts_Coupon,t,n,717,0,50,2010/7/31,1,6.5
2010_AutoParts_Coupon,t,n,716,0,54,2010/7/31,1,8.26
2010_AutoParts_Coupon,t,n,715,0,42,2010/7/31,1,9.75
2010_AutoParts_Coupon,t,n,714,0,45,2010/7/31,1,11.5
2010_AutoParts_Coupon,t,n,713,10,64,2010/7/31,10,11.87
2010_AutoParts_Coupon,t,n,712,10,62,2010/7/31,1,12.95
2010_AutoParts_Coupon,t,n,710,10,28,2010/7/31,1,13.49
2010_AutoParts_Coupon,t,n,711,10,46,2010/7/31,1,13.49
2010_AutoParts_Coupon,t,n,709,10,54,2010/7/31,2,14.49
2010_AutoParts_Coupon,t,n,708,0,40,2010/7/31,1,15.51
2010_AutoParts_Coupon,t,n,707,10,34,2010/7/31,1,16.99
2010_AutoParts_Coupon,t,n,706,0,56,2010/7/31,2,19.99
2010_AutoParts_Coupon,t,n,705,0,62,2010/7/31,1,23.95
2010_AutoParts_Coupon,t,y,412,10,50,2010/7/31,3,29.97
2010_AutoParts_Coupon,t,y,411,0,62,2010/7/31,1,29.99
2010_AutoParts_Coupon,t,y,450,0,62,2010/7/31,2,31.5
2010_AutoParts_Coupon,t,y,410,0,38,2010/7/31,1,36
2010_AutoParts_Coupon,t,n,700,0,35,2010/7/31,1,39.94
2010_AutoParts_Coupon,t,n,699,0,56,2010/7/31,1,39.95
2010_AutoParts_Coupon,t,n,698,10,56,2010/7/31,8,40.95
2010_AutoParts_Coupon,t,n,697,0,32,2010/7/31,2,51.1
2010_AutoParts_Coupon,t,n,696,0,56,2010/7/31,1,54.4
2010_AutoParts_Coupon,t,n,695,10,46,2010/7/31,4,70.51
2010_AutoParts_Coupon,t,n,694,0,50,2010/7/31,1,78
2010_AutoParts_Coupon,t,n,693,10,50,2010/7/31,1,83.12
2010_AutoParts_Coupon,c,n,1218,10,36,2010/7/31,1,115
2010_AutoParts_Coupon,t,n,692,0,40,2010/7/31,1,125
2010_AutoParts_Coupon,t,n,691,0,40,2010/7/31,3,244.94
2010_AutoParts_Coupon,t,n,32,10,54,2010/7/31,2,2121.94
2010_AutoParts_Coupon,t,n,769,0,70,2010/8/1,1,0.06
2010_AutoParts_Coupon,t,n,768,10,28,2010/8/1,1,0.99
2010_AutoParts_Coupon,t,n,765,10,34,2010/8/1,1,0.99
2010_AutoParts_Coupon,t,n,762,0,44,2010/8/1,1,0.99
2010_AutoParts_Coupon,t,n,764,10,45,2010/8/1,1,0.99
2010_AutoParts_Coupon,t,n,763,10,46,2010/8/1,1,0.99
2010_AutoParts_Coupon,t,n,766,10,46,2010/8/1,1,0.99
2010_AutoParts_Coupon,t,n,767,10,56,2010/8/1,1,0.99
2010_AutoParts_Coupon,t,n,761,10,60,2010/8/1,1,1.97
2010_AutoParts_Coupon,t,n,760,10,28,2010/8/1,2,1.98
2010_AutoParts_Coupon,t,n,759,10,45,2010/8/1,1,1.99
2010_AutoParts_Coupon,t,n,758,0,34,2010/8/1,1,3.75
2010_AutoParts_Coupon,t,n,757,10,54,2010/8/1,4,4.05
2010_AutoParts_Coupon,t,n,756,0,76,2010/8/1,2,4.16
2010_AutoParts_Coupon,t,n,755,10,56,2010/8/1,4,4.2
2010_AutoParts_Coupon,t,n,754,0,36,2010/8/1,1,4.99
2010_AutoParts_Coupon,t,n,753,0,56,2010/8/1,1,6.03
2010_AutoParts_Coupon,t,n,752,0,54,2010/8/1,1,7.99
2010_AutoParts_Coupon,t,n,751,10,38,2010/8/1,1,8.95
2010_AutoParts_Coupon,t,n,750,0,46,2010/8/1,1,9.27
2010_AutoParts_Coupon,t,n,749,10,48,2010/8/1,1,9.95
2010_AutoParts_Coupon,t,n,748,0,56,2010/8/1,1,9.99
2010_AutoParts_Coupon,t,n,747,10,54,2010/8/1,1,11.75
2010_AutoParts_Coupon,t,n,746,0,32,2010/8/1,2,11.9
2010_AutoParts_Coupon,t,n,745,10,56,2010/8/1,2,15.49
2010_AutoParts_Coupon,t,y,451,0,48,2010/8/1,6,19.68
2010_AutoParts_Coupon,t,y,482,10,43,2010/8/1,1,19.99
2010_AutoParts_Coupon,t,y,483,0,50,2010/8/1,1,20.99
2010_AutoParts_Coupon,t,y,452,10,32,2010/8/1,3,21.53
2010_AutoParts_Coupon,t,n,740,10,56,2010/8/1,4,21.79
2010_AutoParts_Coupon,t,n,739,10,42,2010/8/1,1,22.49
2010_AutoParts_Coupon,t,n,738,0,26,2010/8/1,4,23.42
2010_AutoParts_Coupon,t,n,737,0,54,2010/8/1,1,23.9
2010_AutoParts_Coupon,c,n,1241,10,60,2010/8/1,1,25.51
2010_AutoParts_Coupon,t,n,736,10,34,2010/8/1,1,27
2010_AutoParts_Coupon,t,n,735,0,46,2010/8/1,3,27.71
2010_AutoParts_Coupon,c,n,1259,0,36,2010/8/1,2,33
2010_AutoParts_Coupon,t,n,734,0,46,2010/8/1,1,36.53
2010_AutoParts_Coupon,c,n,1249,0,49,2010/8/1,1,42.95
2010_AutoParts_Coupon,t,n,733,10,46,2010/8/1,2,44.94
2010_AutoParts_Coupon,t,n,731,0,56,2010/8/1,1,46
2010_AutoParts_Coupon,t,n,732,0,56,2010/8/1,1,46
2010_AutoParts_Coupon,t,n,730,0,34,2010/8/1,3,62.7
2010_AutoParts_Coupon,t,n,16,0,46,2010/8/1,1,2850
2010_AutoParts_Coupon,t,n,811,10,70,2010/8/2,1,0.01
2010_AutoParts_Coupon,t,n,810,0,46,2010/8/2,1,1
2010_AutoParts_Coupon,t,n,809,10,56,2010/8/2,2,2.98
2010_AutoParts_Coupon,t,n,808,10,38,2010/8/2,1,3.19
2010_AutoParts_Coupon,t,n,807,10,76,2010/8/2,1,4.99
2010_AutoParts_Coupon,t,n,806,10,46,2010/8/2,1,5.08
2010_AutoParts_Coupon,t,n,805,0,35,2010/8/2,1,5.5
2010_AutoParts_Coupon,t,n,804,0,60,2010/8/2,1,5.5
2010_AutoParts_Coupon,t,n,803,10,64,2010/8/2,4,5.83
2010_AutoParts_Coupon,t,n,802,10,48,2010/8/2,1,7.5
2010_AutoParts_Coupon,t,n,801,0,64,2010/8/2,1,8.99
2010_AutoParts_Coupon,t,n,800,10,50,2010/8/2,1,9.99
2010_AutoParts_Coupon,c,n,1229,0,48,2010/8/2,2,11.04
2010_AutoParts_Coupon,t,n,799,0,40,2010/8/2,1,12.99
2010_AutoParts_Coupon,t,n,798,10,48,2010/8/2,9,13.57
2010_AutoParts_Coupon,t,n,797,10,46,2010/8/2,2,15.24
2010_AutoParts_Coupon,t,n,796,10,36,2010/8/2,2,17.53
2010_AutoParts_Coupon,t,n,795,10,62,2010/8/2,5,17.61
2010_AutoParts_Coupon,t,n,794,10,56,2010/8/2,3,18.06
2010_AutoParts_Coupon,t,n,793,10,48,2010/8/2,1,18.95
2010_AutoParts_Coupon,t,n,792,10,56,2010/8/2,4,19
2010_AutoParts_Coupon,t,n,791,0,42,2010/8/2,1,19.01
2010_AutoParts_Coupon,t,n,790,10,50,2010/8/2,3,19.98
2010_AutoParts_Coupon,t,n,789,0,28,2010/8/2,1,19.99
2010_AutoParts_Coupon,t,n,788,10,42,2010/8/2,2,19.99
2010_AutoParts_Coupon,t,n,787,0,28,2010/8/2,2,25.97
2010_AutoParts_Coupon,t,n,786,10,46,2010/8/2,2,26.48
2010_AutoParts_Coupon,t,n,785,0,34,2010/8/2,1,31.9
2010_AutoParts_Coupon,t,y,484,0,48,2010/8/2,1,34.95
2010_AutoParts_Coupon,t,y,408,10,46,2010/8/2,1,39.95
2010_AutoParts_Coupon,t,y,409,0,38,2010/8/2,1,44.98
2010_AutoParts_Coupon,t,n,781,0,56,2010/8/2,1,45
2010_AutoParts_Coupon,c,n,1215,0,49,2010/8/2,1,54
2010_AutoParts_Coupon,t,n,780,0,44,2010/8/2,1,57.98
2010_AutoParts_Coupon,t,n,779,0,26,2010/8/2,1,58
2010_AutoParts_Coupon,t,n,778,0,40,2010/8/2,1,60
2010_AutoParts_Coupon,t,n,777,10,56,2010/8/2,1,69
2010_AutoParts_Coupon,t,n,776,0,60,2010/8/2,1,76.51
2010_AutoParts_Coupon,t,n,775,0,44,2010/8/2,1,77.77
2010_AutoParts_Coupon,t,n,774,0,46,2010/8/2,10,89.41
2010_AutoParts_Coupon,t,n,773,0,38,2010/8/2,1,98.99
2010_AutoParts_Coupon,t,n,772,0,44,2010/8/2,1,100
2010_AutoParts_Coupon,t,n,771,10,46,2010/8/2,1,144.95
2010_AutoParts_Coupon,t,n,770,10,56,2010/8/2,2,165
2010_AutoParts_Coupon,t,n,846,0,46,2010/8/3,1,0.99
2010_AutoParts_Coupon,t,n,845,10,64,2010/8/3,1,0.99
2010_AutoParts_Coupon,t,n,844,10,42,2010/8/3,1,1.99
2010_AutoParts_Coupon,t,n,843,10,64,2010/8/3,1,1.99
2010_AutoParts_Coupon,t,n,842,10,56,2010/8/3,1,2.99
2010_AutoParts_Coupon,t,n,841,10,46,2010/8/3,1,3.97
2010_AutoParts_Coupon,t,n,840,10,76,2010/8/3,2,4.82
2010_AutoParts_Coupon,t,n,813,0,42,2010/8/3,1,5
2010_AutoParts_Coupon,t,n,839,0,38,2010/8/3,1,6
2010_AutoParts_Coupon,t,n,838,10,62,2010/8/3,5,6.37
2010_AutoParts_Coupon,t,n,837,10,48,2010/8/3,5,6.72
2010_AutoParts_Coupon,t,n,836,10,60,2010/8/3,1,6.99
2010_AutoParts_Coupon,t,n,835,10,62,2010/8/3,2,8.49
2010_AutoParts_Coupon,t,n,834,0,62,2010/8/3,1,9.5
2010_AutoParts_Coupon,t,n,832,0,32,2010/8/3,1,9.99
2010_AutoParts_Coupon,t,n,833,10,46,2010/8/3,1,9.99
2010_AutoParts_Coupon,t,n,831,0,44,2010/8/3,1,11.99
2010_AutoParts_Coupon,t,n,829,0,38,2010/8/3,1,12.99
2010_AutoParts_Coupon,t,n,830,0,40,2010/8/3,1,12.99
2010_AutoParts_Coupon,t,n,828,0,36,2010/8/3,1,14.99
2010_AutoParts_Coupon,t,n,827,10,28,2010/8/3,1,15.99
2010_AutoParts_Coupon,t,n,826,0,62,2010/8/3,1,20
2010_AutoParts_Coupon,t,n,825,10,50,2010/8/3,3,24.23
2010_AutoParts_Coupon,t,n,814,0,56,2010/8/3,3,26.5
2010_AutoParts_Coupon,t,n,824,0,56,2010/8/3,1,27.99
2010_AutoParts_Coupon,c,n,1196,0,32,2010/8/3,2,32.99
2010_AutoParts_Coupon,c,n,1233,10,34,2010/8/3,2,32.99
2010_AutoParts_Coupon,t,n,823,0,76,2010/8/3,1,34.01
2010_AutoParts_Coupon,c,n,1224,0,49,2010/8/3,1,34.45
2010_AutoParts_Coupon,c,n,1232,10,49,2010/8/3,2,34.99
2010_AutoParts_Coupon,t,n,822,10,42,2010/8/3,2,36.5
2010_AutoParts_Coupon,t,n,821,0,38,2010/8/3,1,40
2010_AutoParts_Coupon,t,n,820,10,46,2010/8/3,2,41.2
2010_AutoParts_Coupon,t,y,410,0,38,2010/8/3,1,53
2010_AutoParts_Coupon,t,y,411,0,62,2010/8/3,4,54.96
2010_AutoParts_Coupon,t,y,412,10,50,2010/8/3,1,60
2010_AutoParts_Coupon,t,n,816,0,-99,2010/8/3,6,68.95
2010_AutoParts_Coupon,t,n,815,0,64,2010/8/3,1,155.49
2010_AutoParts_Coupon,t,n,812,0,40,2010/8/3,1,500
2010_AutoParts_Coupon,t,n,878,0,50,2010/8/4,1,0.99
2010_AutoParts_Coupon,t,n,877,10,62,2010/8/4,1,0.99
2010_AutoParts_Coupon,t,n,876,10,56,2010/8/4,1,2.49
2010_AutoParts_Coupon,t,n,875,10,48,2010/8/4,3,3.19
2010_AutoParts_Coupon,t,n,874,10,42,2010/8/4,1,3.99
2010_AutoParts_Coupon,t,n,873,0,44,2010/8/4,1,6.8
2010_AutoParts_Coupon,t,n,872,10,64,2010/8/4,5,8.5
2010_AutoParts_Coupon,t,n,871,10,56,2010/8/4,1,9.58
2010_AutoParts_Coupon,t,n,870,10,62,2010/8/4,6,10.64
2010_AutoParts_Coupon,t,n,869,10,56,2010/8/4,3,11.34
2010_AutoParts_Coupon,t,n,868,10,40,2010/8/4,1,13.95
2010_AutoParts_Coupon,t,n,867,0,56,2010/8/4,1,14.99
2010_AutoParts_Coupon,t,n,866,10,52,2010/8/4,1,15
2010_AutoParts_Coupon,t,n,864,10,38,2010/8/4,1,15.99
2010_AutoParts_Coupon,t,n,863,0,40,2010/8/4,1,15.99
2010_AutoParts_Coupon,t,n,865,10,40,2010/8/4,1,15.99
2010_AutoParts_Coupon,t,n,862,0,46,2010/8/4,3,17.73
2010_AutoParts_Coupon,t,n,861,0,42,2010/8/4,1,18.51
2010_AutoParts_Coupon,t,n,860,10,50,2010/8/4,1,22.51
2010_AutoParts_Coupon,t,y,452,10,32,2010/8/4,2,25.1
2010_AutoParts_Coupon,c,n,1182,0,49,2010/8/4,1,28
2010_AutoParts_Coupon,t,y,483,0,50,2010/8/4,2,29.94
2010_AutoParts_Coupon,c,n,1273,10,34,2010/8/4,2,33.99
2010_AutoParts_Coupon,c,n,1213,0,36,2010/8/4,2,34
2010_AutoParts_Coupon,t,y,451,0,48,2010/8/4,1,34
2010_AutoParts_Coupon,t,y,450,0,62,2010/8/4,1,40
2010_AutoParts_Coupon,c,n,1274,0,32,2010/8/4,3,41.5
2010_AutoParts_Coupon,t,y,482,10,43,2010/8/4,1,47
2010_AutoParts_Coupon,t,n,854,0,34,2010/8/4,2,47.5
2010_AutoParts_Coupon,c,n,1183,0,56,2010/8/4,1,50.45
2010_AutoParts_Coupon,t,n,853,0,36,2010/8/4,3,50.77
2010_AutoParts_Coupon,t,n,852,0,33,2010/8/4,1,53.06
2010_AutoParts_Coupon,t,n,851,0,38,2010/8/4,2,67.38
2010_AutoParts_Coupon,t,n,850,0,56,2010/8/4,1,79.99
2010_AutoParts_Coupon,t,n,849,0,48,2010/8/4,3,88.98
2010_AutoParts_Coupon,t,n,848,0,32,2010/8/4,1,139.99
2010_AutoParts_Coupon,t,n,847,0,30,2010/8/4,1,175
2010_AutoParts_Coupon,t,n,922,10,20,2010/8/5,1,0.99
2010_AutoParts_Coupon,t,n,921,10,26,2010/8/5,1,0.99
2010_AutoParts_Coupon,t,n,920,10,32,2010/8/5,1,0.99
2010_AutoParts_Coupon,t,n,919,10,33,2010/8/5,1,2.37
2010_AutoParts_Coupon,t,n,918,10,34,2010/8/5,1,3
2010_AutoParts_Coupon,t,n,917,10,50,2010/8/5,1,3
2010_AutoParts_Coupon,t,n,916,10,64,2010/8/5,2,3.25
2010_AutoParts_Coupon,t,n,915,10,46,2010/8/5,1,3.96
2010_AutoParts_Coupon,t,n,914,0,34,2010/8/5,1,3.99
2010_AutoParts_Coupon,t,n,913,0,56,2010/8/5,2,4.07
2010_AutoParts_Coupon,t,n,912,10,38,2010/8/5,1,4.99
2010_AutoParts_Coupon,t,n,911,10,60,2010/8/5,1,5
2010_AutoParts_Coupon,t,n,910,10,40,2010/8/5,1,6.1
2010_AutoParts_Coupon,t,n,909,0,56,2010/8/5,1,6.59
2010_AutoParts_Coupon,t,n,908,0,50,2010/8/5,1,6.99
2010_AutoParts_Coupon,t,n,907,10,48,2010/8/5,1,7.99
2010_AutoParts_Coupon,t,n,906,0,56,2010/8/5,1,8.95
2010_AutoParts_Coupon,t,n,905,10,46,2010/8/5,1,9.95
2010_AutoParts_Coupon,t,n,903,0,32,2010/8/5,1,9.99
2010_AutoParts_Coupon,t,n,904,0,60,2010/8/5,1,9.99
2010_AutoParts_Coupon,t,n,902,10,22,2010/8/5,1,10.5
2010_AutoParts_Coupon,t,n,900,10,36,2010/8/5,1,13.5
2010_AutoParts_Coupon,t,n,901,10,48,2010/8/5,2,13.5
2010_AutoParts_Coupon,t,n,899,0,50,2010/8/5,1,14.99
2010_AutoParts_Coupon,t,n,898,10,56,2010/8/5,2,15.15
2010_AutoParts_Coupon,t,n,897,0,56,2010/8/5,1,17
2010_AutoParts_Coupon,t,n,896,10,62,2010/8/5,6,18
2010_AutoParts_Coupon,c,n,1270,10,34,2010/8/5,1,19.35
2010_AutoParts_Coupon,t,n,895,0,20,2010/8/5,1,20.5
2010_AutoParts_Coupon,t,n,894,0,56,2010/8/5,1,20.5
2010_AutoParts_Coupon,t,n,893,0,24,2010/8/5,1,21.99
2010_AutoParts_Coupon,t,n,892,10,46,2010/8/5,1,24.99
2010_AutoParts_Coupon,c,n,1268,0,56,2010/8/5,1,25
2010_AutoParts_Coupon,t,n,891,0,60,2010/8/5,1,26.25
2010_AutoParts_Coupon,t,y,484,0,48,2010/8/5,1,29.74
2010_AutoParts_Coupon,t,y,408,10,46,2010/8/5,2,32.99
2010_AutoParts_Coupon,c,n,1272,0,48,2010/8/5,2,35
2010_AutoParts_Coupon,t,y,410,0,38,2010/8/5,2,37.94
2010_AutoParts_Coupon,t,y,409,0,38,2010/8/5,5,45.55
2010_AutoParts_Coupon,c,n,1239,0,37,2010/8/5,1,47.79
2010_AutoParts_Coupon,t,n,886,0,48,2010/8/5,1,53.01
2010_AutoParts_Coupon,t,n,885,0,34,2010/8/5,1,63.8
2010_AutoParts_Coupon,t,n,884,0,32,2010/8/5,1,67.66
2010_AutoParts_Coupon,t,n,883,0,34,2010/8/5,2,81.01
2010_AutoParts_Coupon,t,n,882,10,50,2010/8/5,1,120
2010_AutoParts_Coupon,t,n,881,0,48,2010/8/5,2,150.11
2010_AutoParts_Coupon,t,n,880,0,38,2010/8/5,1,200
2010_AutoParts_Coupon,t,n,879,10,56,2010/8/5,1,200
2010_AutoParts_Coupon,t,n,239,0,46,2010/8/5,1,5100
2010_AutoParts_Coupon,t,n,956,10,40,2010/8/6,1,0.99
2010_AutoParts_Coupon,t,n,955,10,48,2010/8/6,1,0.99
2010_AutoParts_Coupon,t,n,957,10,56,2010/8/6,1,0.99
2010_AutoParts_Coupon,t,n,954,0,33,2010/8/6,1,1.25
2010_AutoParts_Coupon,t,n,953,0,66,2010/8/6,1,1.25
2010_AutoParts_Coupon,t,n,952,0,70,2010/8/6,1,3.25
2010_AutoParts_Coupon,t,n,951,10,46,2010/8/6,1,3.5
2010_AutoParts_Coupon,t,n,950,0,48,2010/8/6,1,4
2010_AutoParts_Coupon,t,n,949,0,40,2010/8/6,1,4.98
2010_AutoParts_Coupon,t,n,948,10,50,2010/8/6,1,4.99
2010_AutoParts_Coupon,t,n,947,0,64,2010/8/6,1,5.09
2010_AutoParts_Coupon,t,n,946,10,62,2010/8/6,5,7.24
2010_AutoParts_Coupon,t,n,945,0,30,2010/8/6,1,8.25
2010_AutoParts_Coupon,t,n,944,0,50,2010/8/6,1,8.99
2010_AutoParts_Coupon,t,n,943,0,60,2010/8/6,1,10.25
2010_AutoParts_Coupon,t,n,942,0,50,2010/8/6,2,10.99
2010_AutoParts_Coupon,t,n,941,0,36,2010/8/6,2,11.95
2010_AutoParts_Coupon,t,n,940,0,40,2010/8/6,2,13.5
2010_AutoParts_Coupon,t,n,939,0,34,2010/8/6,2,13.73
2010_AutoParts_Coupon,t,n,938,10,64,2010/8/6,5,13.95
2010_AutoParts_Coupon,t,n,937,10,40,2010/8/6,1,15.5
2010_AutoParts_Coupon,t,n,936,0,40,2010/8/6,1,15.64
2010_AutoParts_Coupon,t,y,451,0,48,2010/8/6,1,17.38
2010_AutoParts_Coupon,t,y,412,10,50,2010/8/6,1,19.99
2010_AutoParts_Coupon,t,n,933,10,50,2010/8/6,2,21.5
2010_AutoParts_Coupon,t,n,932,10,56,2010/8/6,4,24.33
2010_AutoParts_Coupon,c,n,1228,10,52,2010/8/6,1,25
2010_AutoParts_Coupon,c,n,1284,10,28,2010/8/6,2,34.01
2010_AutoParts_Coupon,t,n,931,0,48,2010/8/6,1,39.99
2010_AutoParts_Coupon,t,y,411,0,62,2010/8/6,1,40.05
2010_AutoParts_Coupon,c,n,1192,10,42,2010/8/6,1,40.99
2010_AutoParts_Coupon,t,y,450,0,62,2010/8/6,2,86.95
2010_AutoParts_Coupon,t,n,928,0,48,2010/8/6,1,99.76
2010_AutoParts_Coupon,t,n,927,10,64,2010/8/6,1,99.99
2010_AutoParts_Coupon,t,n,926,0,50,2010/8/6,1,175
2010_AutoParts_Coupon,t,n,925,0,48,2010/8/6,1,182.99
2010_AutoParts_Coupon,t,n,924,0,50,2010/8/6,1,199.99
2010_AutoParts_Coupon,t,n,923,0,32,2010/8/6,1,274.99
2010_AutoParts_Coupon,t,n,984,10,34,2010/8/7,1,0.75
2010_AutoParts_Coupon,t,n,983,10,56,2010/8/7,1,1.04
2010_AutoParts_Coupon,t,n,982,10,62,2010/8/7,1,2.01
2010_AutoParts_Coupon,t,n,981,0,46,2010/8/7,1,2.25
2010_AutoParts_Coupon,t,n,980,0,48,2010/8/7,1,3.25
2010_AutoParts_Coupon,t,n,979,0,48,2010/8/7,1,3.5
2010_AutoParts_Coupon,t,n,978,10,24,2010/8/7,1,6.01
2010_AutoParts_Coupon,t,n,977,10,54,2010/8/7,2,6.34
2010_AutoParts_Coupon,t,n,976,10,38,2010/8/7,1,6.45
2010_AutoParts_Coupon,c,n,1226,0,56,2010/8/7,1,9
2010_AutoParts_Coupon,t,n,975,0,50,2010/8/7,1,9.95
2010_AutoParts_Coupon,t,n,974,0,48,2010/8/7,1,9.99
2010_AutoParts_Coupon,t,n,973,0,20,2010/8/7,1,10.5
2010_AutoParts_Coupon,t,n,972,0,62,2010/8/7,1,11.51
2010_AutoParts_Coupon,t,y,483,0,50,2010/8/7,3,11.97
2010_AutoParts_Coupon,t,y,452,10,32,2010/8/7,2,13.4
2010_AutoParts_Coupon,t,y,482,10,43,2010/8/7,2,17.99
2010_AutoParts_Coupon,t,n,968,0,50,2010/8/7,1,18.95
2010_AutoParts_Coupon,t,n,967,10,50,2010/8/7,3,22.56
2010_AutoParts_Coupon,t,n,966,10,38,2010/8/7,1,22.99
2010_AutoParts_Coupon,t,n,965,10,56,2010/8/7,6,28.01
2010_AutoParts_Coupon,t,n,964,10,56,2010/8/7,1,30
2010_AutoParts_Coupon,c,n,1216,10,56,2010/8/7,3,35.26
2010_AutoParts_Coupon,t,n,963,0,56,2010/8/7,13,36.5
2010_AutoParts_Coupon,c,n,1244,10,56,2010/8/7,2,43.96
2010_AutoParts_Coupon,t,n,962,0,66,2010/8/7,1,74.99
2010_AutoParts_Coupon,t,n,961,0,60,2010/8/7,1,107.49
2010_AutoParts_Coupon,t,y,484,0,48,2010/8/7,3,145
2010_AutoParts_Coupon,t,n,959,0,40,2010/8/7,1,219.99
2010_AutoParts_Coupon,t,n,958,0,20,2010/8/7,4,405.98
2010_AutoParts_Coupon,t,y,410,0,38,2010/8/8,1,0.49
2010_AutoParts_Coupon,t,y,408,10,46,2010/8/8,1,0.99
2010_AutoParts_Coupon,t,y,409,0,38,2010/8/8,1,2.5
2010_AutoParts_Coupon,t,n,1023,10,62,2010/8/8,2,2.85
2010_AutoParts_Coupon,t,n,1022,10,64,2010/8/8,1,3.25
2010_AutoParts_Coupon,t,n,1021,10,60,2010/8/8,1,3.58
2010_AutoParts_Coupon,t,n,1020,0,40,2010/8/8,1,3.99
2010_AutoParts_Coupon,t,n,1019,0,36,2010/8/8,1,6.99
2010_AutoParts_Coupon,t,n,1018,10,46,2010/8/8,1,7.5
2010_AutoParts_Coupon,t,n,1017,10,70,2010/8/8,1,8
2010_AutoParts_Coupon,t,n,1016,10,26,2010/8/8,1,9.5
2010_AutoParts_Coupon,t,n,1015,0,50,2010/8/8,1,9.89
2010_AutoParts_Coupon,t,n,1014,10,33,2010/8/8,1,9.99
2010_AutoParts_Coupon,t,n,1013,0,36,2010/8/8,1,10
2010_AutoParts_Coupon,t,n,1012,0,24,2010/8/8,1,10.58
2010_AutoParts_Coupon,t,n,1011,10,56,2010/8/8,1,11.5
2010_AutoParts_Coupon,t,n,1010,10,56,2010/8/8,3,11.51
2010_AutoParts_Coupon,t,n,1009,10,56,2010/8/8,1,11.59
2010_AutoParts_Coupon,t,n,1008,10,56,2010/8/8,1,12.48
2010_AutoParts_Coupon,t,n,1007,0,34,2010/8/8,14,13.47
2010_AutoParts_Coupon,t,n,1006,10,42,2010/8/8,1,15.38
2010_AutoParts_Coupon,t,n,1005,0,50,2010/8/8,2,15.98
2010_AutoParts_Coupon,t,n,1004,10,54,2010/8/8,1,16.5
2010_AutoParts_Coupon,c,n,1264,10,56,2010/8/8,1,18.24
2010_AutoParts_Coupon,t,n,1003,0,31,2010/8/8,1,20.5
2010_AutoParts_Coupon,t,n,1002,10,52,2010/8/8,1,22.09
2010_AutoParts_Coupon,t,n,1001,10,50,2010/8/8,3,23
2010_AutoParts_Coupon,t,n,1000,0,38,2010/8/8,1,24.5
2010_AutoParts_Coupon,t,n,999,0,33,2010/8/8,1,25
2010_AutoParts_Coupon,t,n,998,0,56,2010/8/8,1,25.95
2010_AutoParts_Coupon,t,n,997,0,22,2010/8/8,1,26
2010_AutoParts_Coupon,t,n,996,10,40,2010/8/8,2,28.98
2010_AutoParts_Coupon,c,n,1217,10,60,2010/8/8,2,29.98
2010_AutoParts_Coupon,c,n,1175,0,48,2010/8/8,1,30.99
2010_AutoParts_Coupon,t,n,995,10,54,2010/8/8,1,34
2010_AutoParts_Coupon,t,n,994,0,48,2010/8/8,1,34.99
2010_AutoParts_Coupon,t,n,993,10,40,2010/8/8,1,35.99
2010_AutoParts_Coupon,t,n,992,10,56,2010/8/8,7,37.83
2010_AutoParts_Coupon,t,n,991,0,-99,2010/8/8,1,40
2010_AutoParts_Coupon,t,n,990,10,38,2010/8/8,1,60
2010_AutoParts_Coupon,t,n,989,0,48,2010/8/8,2,74.97
2010_AutoParts_Coupon,t,n,988,0,48,2010/8/8,3,86.74
2010_AutoParts_Coupon,t,n,987,0,60,2010/8/8,1,109.77
2010_AutoParts_Coupon,t,y,411,0,62,2010/8/8,1,132.5
2010_AutoParts_Coupon,t,n,985,0,38,2010/8/8,2,295
2010_AutoParts_Coupon,t,n,1059,0,31,2010/8/9,1,0.99
2010_AutoParts_Coupon,t,n,1060,10,35,2010/8/9,1,0.99
2010_AutoParts_Coupon,c,n,1257,10,28,2010/8/9,1,2.29
2010_AutoParts_Coupon,t,n,1058,10,54,2010/8/9,2,3.41
2010_AutoParts_Coupon,t,n,1057,10,35,2010/8/9,4,4.2
2010_AutoParts_Coupon,t,n,1056,0,72,2010/8/9,1,6.95
2010_AutoParts_Coupon,t,n,1055,0,60,2010/8/9,1,6.99
2010_AutoParts_Coupon,t,n,1054,0,34,2010/8/9,1,8.99
2010_AutoParts_Coupon,t,n,1053,10,54,2010/8/9,1,10.55
2010_AutoParts_Coupon,t,n,1052,0,34,2010/8/9,1,10.68
2010_AutoParts_Coupon,t,n,1051,10,50,2010/8/9,2,10.78
2010_AutoParts_Coupon,t,n,1050,0,60,2010/8/9,1,11.49
2010_AutoParts_Coupon,c,n,1173,0,56,2010/8/9,2,12.24
2010_AutoParts_Coupon,t,n,1049,0,40,2010/8/9,1,12.5
2010_AutoParts_Coupon,t,n,1048,0,30,2010/8/9,1,12.95
2010_AutoParts_Coupon,t,n,1047,0,33,2010/8/9,1,12.98
2010_AutoParts_Coupon,t,n,1046,10,24,2010/8/9,1,16
2010_AutoParts_Coupon,t,n,1045,10,64,2010/8/9,5,17.33
2010_AutoParts_Coupon,t,n,1044,10,40,2010/8/9,1,18.03
2010_AutoParts_Coupon,t,n,1043,0,40,2010/8/9,1,19
2010_AutoParts_Coupon,t,n,1042,10,28,2010/8/9,1,19.88
2010_AutoParts_Coupon,t,n,1041,0,48,2010/8/9,1,20.5
2010_AutoParts_Coupon,t,n,1040,0,28,2010/8/9,1,20.99
2010_AutoParts_Coupon,t,y,451,0,48,2010/8/9,1,27
2010_AutoParts_Coupon,t,y,412,10,50,2010/8/9,5,33.43
2010_AutoParts_Coupon,t,y,484,0,48,2010/8/9,1,41
2010_AutoParts_Coupon,t,y,450,0,62,2010/8/9,1,45
2010_AutoParts_Coupon,t,n,1035,0,46,2010/8/9,1,49.99
2010_AutoParts_Coupon,t,n,1034,10,24,2010/8/9,1,51
2010_AutoParts_Coupon,t,n,1033,0,20,2010/8/9,2,54.9
2010_AutoParts_Coupon,t,n,1032,10,46,2010/8/9,1,55
2010_AutoParts_Coupon,t,n,1031,0,38,2010/8/9,1,63.86
2010_AutoParts_Coupon,c,n,1262,0,36,2010/8/9,1,65
2010_AutoParts_Coupon,t,n,1030,10,44,2010/8/9,1,67.98
2010_AutoParts_Coupon,t,n,1029,10,42,2010/8/9,3,78.24
2010_AutoParts_Coupon,t,n,1028,0,24,2010/8/9,1,84.99
2010_AutoParts_Coupon,c,n,1256,0,48,2010/8/9,1,119
2010_AutoParts_Coupon,t,n,1027,0,38,2010/8/9,2,288
2010_AutoParts_Coupon,t,n,1100,10,34,2010/8/10,1,0.01
2010_AutoParts_Coupon,t,n,1098,0,36,2010/8/10,1,0.99
2010_AutoParts_Coupon,t,n,1099,10,46,2010/8/10,1,0.99
2010_AutoParts_Coupon,t,n,1097,10,32,2010/8/10,2,2
2010_AutoParts_Coupon,t,n,1096,0,24,2010/8/10,2,2.5
2010_AutoParts_Coupon,t,n,1095,10,50,2010/8/10,1,2.81
2010_AutoParts_Coupon,t,n,1094,10,64,2010/8/10,1,3.25
2010_AutoParts_Coupon,c,n,1205,10,34,2010/8/10,2,3.96
2010_AutoParts_Coupon,t,n,1093,10,35,2010/8/10,1,3.99
2010_AutoParts_Coupon,t,n,1092,10,64,2010/8/10,1,4.25
2010_AutoParts_Coupon,c,n,1242,10,64,2010/8/10,2,4.82
2010_AutoParts_Coupon,t,n,1090,10,35,2010/8/10,1,6.52
2010_AutoParts_Coupon,t,n,1089,10,54,2010/8/10,1,6.53
2010_AutoParts_Coupon,t,n,1088,10,52,2010/8/10,1,7.77
2010_AutoParts_Coupon,t,n,1087,0,54,2010/8/10,1,9.25
2010_AutoParts_Coupon,t,n,1086,0,31,2010/8/10,1,9.89
2010_AutoParts_Coupon,t,n,1064,10,24,2010/8/10,2,9.99
2010_AutoParts_Coupon,t,n,1085,10,26,2010/8/10,1,9.99
2010_AutoParts_Coupon,t,n,1084,0,60,2010/8/10,1,10.25
2010_AutoParts_Coupon,t,n,1083,10,26,2010/8/10,1,10.99
2010_AutoParts_Coupon,t,n,1082,0,66,2010/8/10,1,10.99
2010_AutoParts_Coupon,t,n,1081,0,35,2010/8/10,1,14.98
2010_AutoParts_Coupon,t,n,1080,0,76,2010/8/10,6,17.02
2010_AutoParts_Coupon,t,n,1079,0,48,2010/8/10,1,17.5
2010_AutoParts_Coupon,t,n,1061,0,38,2010/8/10,4,18
2010_AutoParts_Coupon,t,n,1078,0,50,2010/8/10,1,20
2010_AutoParts_Coupon,t,n,1077,10,34,2010/8/10,1,23.68
2010_AutoParts_Coupon,t,n,1076,10,44,2010/8/10,1,26
2010_AutoParts_Coupon,c,n,1176,0,22,2010/8/10,1,28
2010_AutoParts_Coupon,t,y,482,10,43,2010/8/10,1,29.77
2010_AutoParts_Coupon,t,y,483,0,50,2010/8/10,1,35.95
2010_AutoParts_Coupon,t,y,408,10,46,2010/8/10,1,36.9
2010_AutoParts_Coupon,t,n,1072,0,22,2010/8/10,1,38
2010_AutoParts_Coupon,t,n,1071,0,24,2010/8/10,2,43.07
2010_AutoParts_Coupon,t,n,1070,0,76,2010/8/10,3,44.99
2010_AutoParts_Coupon,t,n,1069,0,33,2010/8/10,1,45.01
2010_AutoParts_Coupon,c,n,1199,10,64,2010/8/10,1,46
2010_AutoParts_Coupon,t,n,1068,0,44,2010/8/10,1,49.94
2010_AutoParts_Coupon,t,y,452,10,32,2010/8/10,1,50
2010_AutoParts_Coupon,t,n,1067,0,34,2010/8/10,1,60
2010_AutoParts_Coupon,t,y,484,0,48,2010/8/10,3,108.59
2010_AutoParts_Coupon,t,n,1065,0,70,2010/8/10,1,119.99
2010_AutoParts_Coupon,t,n,1063,0,48,2010/8/10,1,209.99
2010_AutoParts_Coupon,t,n,1062,10,42,2010/8/10,4,466.96
2010_AutoParts_Coupon,t,n,1131,10,36,2010/8/11,1,0.99
2010_AutoParts_Coupon,t,n,1132,0,46,2010/8/11,1,0.99
2010_AutoParts_Coupon,t,n,1130,10,54,2010/8/11,1,1.09
2010_AutoParts_Coupon,t,n,1129,0,48,2010/8/11,2,2.07
2010_AutoParts_Coupon,t,n,1128,10,24,2010/8/11,1,2.99
2010_AutoParts_Coupon,t,n,1127,10,78,2010/8/11,1,2.99
2010_AutoParts_Coupon,t,n,1126,10,26,2010/8/11,1,4.95
2010_AutoParts_Coupon,t,n,1125,0,44,2010/8/11,1,6.95
2010_AutoParts_Coupon,t,n,1124,0,44,2010/8/11,1,9.5
2010_AutoParts_Coupon,t,n,1123,0,40,2010/8/11,1,9.95
2010_AutoParts_Coupon,t,n,1122,0,36,2010/8/11,1,9.96
2010_AutoParts_Coupon,t,n,1121,0,66,2010/8/11,2,11.73
2010_AutoParts_Coupon,t,n,1120,10,24,2010/8/11,2,12.8
2010_AutoParts_Coupon,t,n,1119,10,34,2010/8/11,1,12.95
2010_AutoParts_Coupon,t,n,1118,10,46,2010/8/11,1,12.95
2010_AutoParts_Coupon,t,n,1117,0,40,2010/8/11,1,13.5
2010_AutoParts_Coupon,t,n,1116,0,40,2010/8/11,1,14.99
2010_AutoParts_Coupon,t,n,1115,10,35,2010/8/11,8,15.42
2010_AutoParts_Coupon,t,n,1114,0,34,2010/8/11,1,17.5
2010_AutoParts_Coupon,t,n,1113,10,42,2010/8/11,1,17.95
2010_AutoParts_Coupon,t,y,412,10,50,2010/8/11,6,22.14
2010_AutoParts_Coupon,t,y,450,0,62,2010/8/11,1,22.96
2010_AutoParts_Coupon,t,y,410,0,38,2010/8/11,2,23.72
2010_AutoParts_Coupon,t,y,411,0,62,2010/8/11,1,29
2010_AutoParts_Coupon,c,n,1263,10,66,2010/8/11,2,29.92
2010_AutoParts_Coupon,t,n,1108,0,50,2010/8/11,4,34.19
2010_AutoParts_Coupon,t,n,1107,10,52,2010/8/11,2,35
2010_AutoParts_Coupon,t,n,1106,10,64,2010/8/11,3,51.9
2010_AutoParts_Coupon,t,n,1105,0,20,2010/8/11,2,52.79
2010_AutoParts_Coupon,t,n,1104,0,48,2010/8/11,1,54.5
2010_AutoParts_Coupon,t,n,1103,0,76,2010/8/11,2,62.49
2010_AutoParts_Coupon,t,n,1102,10,50,2010/8/11,1,94.32
2010_AutoParts_Coupon,t,n,1101,0,22,2010/8/11,2,99.94
2010_AutoParts_Coupon,t,y,409,0,38,2010/8/11,1,3699.99
2010_AutoParts_Coupon,t,n,1172,0,35,2010/8/12,1,0.11
2010_AutoParts_Coupon,t,n,1171,10,30,2010/8/12,1,0.99
2010_AutoParts_Coupon,t,n,1170,10,42,2010/8/12,1,0.99
2010_AutoParts_Coupon,t,n,1169,10,48,2010/8/12,1,1.99
2010_AutoParts_Coupon,t,n,1168,10,35,2010/8/12,3,2.83
2010_AutoParts_Coupon,t,n,1167,5,36,2010/8/12,1,2.99
2010_AutoParts_Coupon,t,n,1166,0,48,2010/8/12,1,5.5
2010_AutoParts_Coupon,t,n,1165,0,35,2010/8/12,1,5.99
2010_AutoParts_Coupon,t,n,1164,0,50,2010/8/12,1,7.5
2010_AutoParts_Coupon,t,n,1163,10,46,2010/8/12,2,8.94
2010_AutoParts_Coupon,t,n,1162,0,50,2010/8/12,2,9
2010_AutoParts_Coupon,t,n,1161,0,44,2010/8/12,1,12.5
2010_AutoParts_Coupon,t,n,1160,10,50,2010/8/12,1,12.5
2010_AutoParts_Coupon,t,n,1159,10,46,2010/8/12,1,14.38
2010_AutoParts_Coupon,t,n,1157,0,24,2010/8/12,2,16.92
2010_AutoParts_Coupon,t,n,1156,10,32,2010/8/12,1,17.01
2010_AutoParts_Coupon,t,n,1155,0,46,2010/8/12,1,17.49
2010_AutoParts_Coupon,t,n,1154,10,50,2010/8/12,2,18
2010_AutoParts_Coupon,t,n,1152,0,46,2010/8/12,1,19.99
2010_AutoParts_Coupon,t,n,1151,10,38,2010/8/12,1,20.89
2010_AutoParts_Coupon,t,y,484,0,48,2010/8/12,1,22.99
2010_AutoParts_Coupon,t,y,451,0,48,2010/8/12,1,24.98
2010_AutoParts_Coupon,t,n,1148,0,24,2010/8/12,1,28
2010_AutoParts_Coupon,t,n,1147,10,36,2010/8/12,1,31.01
2010_AutoParts_Coupon,t,n,1146,10,36,2010/8/12,1,36
2010_AutoParts_Coupon,t,y,482,10,43,2010/8/12,1,36.5
2010_AutoParts_Coupon,t,n,1144,10,28,2010/8/12,1,37.99
2010_AutoParts_Coupon,t,n,1142,0,38,2010/8/12,2,56
2010_AutoParts_Coupon,t,n,1141,10,46,2010/8/12,1,59.99
2010_AutoParts_Coupon,t,n,1140,10,40,2010/8/12,2,63.99
2010_AutoParts_Coupon,t,n,1139,10,35,2010/8/12,1,95
2010_AutoParts_Coupon,t,n,1138,10,46,2010/8/12,1,119.99
2010_AutoParts_Coupon,t,n,1137,10,52,2010/8/12,1,120
2010_AutoParts_Coupon,t,y,452,10,32,2010/8/12,1,127
2010_AutoParts_Coupon,t,n,1135,10,50,2010/8/12,1,195.01
2010_AutoParts_Coupon,t,n,1134,0,26,2010/8/12,1,249.95
2010_AutoParts_Coupon,t,n,1133,0,38,2010/8/12,4,298
2010_AutoParts_Coupon,t,n,1143,0,52,2010/8/13,1,39.99
2010_AutoParts_Coupon,c,n,1210,10,64,2010/8/14,2,76.95
2010_AutoParts_Coupon,t,n,1158,10,64,2010/8/15,3,15.67
2010_AutoParts_Coupon,t,n,1153,0,72,2010/8/16,1,18.99
2010_AutoParts_Coupon,c,n,1209,10,82,2010/8/17,1,0.99
